Company Names,Cars Names,Engines,CC/Battery Capacity,HorsePower,Total Speed,Performance,Cars Prices,Fuel Types,Seats,Torque
FERRARI,SF90 STRADALE,V8,3990 cc,963,340,2.5,1100000,Hybrid,2,800
ROLLS ROYCE,PHANTOM,V12,6749 cc,563,250,5.3,460000,Petrol,5,900
Ford,KA+,1.2L Petrol,"1,200 cc",77.5,165,10.5,13500,Petrol,5,120
MERCEDES, GT 63 S,V8,"3,982 cc",630,250,3.2,161000,Petrol,4,900
AUDI,AUDI R8 Gt,V10,"5,204 cc",602,320,3.6,253290,Petrol,2,560
BMW,Mclaren 720s,V8,"3,994 cc",710,341,2.9,499000,Petrol,2,770
ASTON MARTIN,VANTAGE F1,V8,"3,982 cc",656,314,3.6,193440,Petrol,2,685
BENTLEY,Continental GT Azure,V8,"3,996 cc",550,318,4,311000,Petrol,4,900
LAMBORGHINI,VENENO ROADSTER,V12,"6,498 cc",750,356,2.9,4500000,Petrol,2,690
FERRARI,F8 TRIBUTO,V8,"3,900 cc",710,340,2.9,280000,Petrol,2,770
FERRARI,812 GTS,V12,6496 cc,789,340,2.9,350000,Petrol,2,718
FERRARI,PORTOFINO,V8,"3,900 cc",592,320,3.2,210000,Petrol,4,760
FERRARI,ROMA,V8,"3,900 cc",612,320,3.4,230000,Petrol,4,760
FERRARI,MONZA SP2,V12,"6,496 cc",789,340,2.9,1700000,Petrol,2,719
FERRARI,F8 SPIDER,V8,"3,900 cc",710,340,2.9,280000,Petrol,2,770
FERRARI,PORTOFINO M,V8,"3,900 cc",612,320,3.2,220000,Petrol,4,760
FERRARI,ROMA SPIDER,V8,"3,900 cc",612,320,3.4,240000,Petrol,4,760
TOYOTA,GR SUPRA,I4,"2,998 cc",382,250,4.1,53900,Petrol,2,500
TOYOTA,TOYOTA 86,BOXER-4,"1,998 cc",205,226,6.4,27000,Petrol,4,205
TOYOTA,TOYOTA  GR86,BOXER-4,"2,387 cc",228,226,5.6,30000,Petrol,4,250
TOYOTA,TOYOTA LAND CRUISER,V8,"5,663 cc",381,220,6.7,85000,Diesel,7,500
TOYOTA,TOYOTA SEQUOIA,V8,"5,663 cc",381,200,6.9,50000,Petrol,7,651
NISSAN,GT-R,V6,"3,799 cc",600,315,2.9,113000,Petrol,4,637
NISSAN,370Z,V6,"3,696 cc",332,250,4.7,30000,Petrol,2,366
NISSAN,Z PROTO,V6,"2,998 cc",400,290,4.1,40000,Petrol,2,475
NISSAN,ALTIMA,I4,"2,488 cc",188,225,7.3,25000,Petrol,5,380
NISSAN,MAXIMA,V6,"3,498 cc",300,240,5.8,35000,Petrol,5,354
NISSAN,SENTRA,I4,"1,998 cc",149,200,8.2,20000,Petrol,5,240
NISSAN,ROGUE,I4,"2,488 cc",201,200,7.5,28000,Petrol,5,270
NISSAN,PATHFINDER,V6,"3,498 cc",284,225,6.5,35000,Petrol,7,351
NISSAN,FRONTIER,V6,"3,799 cc",310,180,6.8,30000,Petrol,5,381
NISSAN,TITAN,V8,"5,598 cc",400,200,5.9,40000,Petrol,5,560
ASTON MARTIN,VALKYRIE,V12,"6,496 cc",1160,402,2.5,3200000,Hybrid,2,900
ASTON MARTIN,VALHALLA,V8,"3,996 cc",1000,362,2.5,1100000,Hybrid,2,1000
ASTON MARTIN,DBS SUPERLEGGERA,V12,"5,204 cc",715,340,3.4,316000,Petrol,2,900
ASTON MARTIN,DB11,V12,"5,204 cc",600,322,3.9,208000,Petrol,4,700
ASTON MARTIN,VANTAGE ,V8,"3,996 cc",503,313,3.6,142000,Petrol,2,685
ASTON MARTIN,DBX,V8,"3,996 cc",542,291,4.5,189000,Petrol,5,700
ASTON MARTIN,RAPIDE AMR,V12,"5,935 cc",580,328,4.2,240000,Petrol,4,630
ASTON MARTIN,VANQUISH,V12,"5,935 cc",580,324,3.6,294000,Petrol,2,630
ASTON MARTIN,LAGONDA TARAF,V12,"5,935 cc",540,314,4.2,1100000,Petrol,4,630
ASTON MARTIN,VICTOR,V12,"5,204 cc",836,320,2.8,1300000,Petrol,2,821
LAMBORGHINI,SIAN,V12,"6,498 cc",819,350,2.8,2800000,Hybrid,2,720
LAMBORGHINI,AVENTADOR SVJ,V12,"6,498 cc",759,350,2.8,518000,Petrol,2,720
LAMBORGHINI,HURACAN PERFORMANTE,V10,"5,204 cc",640,325,2.9,274000,Petrol,2,600
LAMBORGHINI,HURACAN EVO,V10,"5,204 cc",640,325,2.9,261000,Petrol,2,600
LAMBORGHINI,AVENTADOR SV,V12,"6,498 cc",740,350,2.8,493000,Petrol,2,690
LAMBORGHINI,URUS ,V8,"3,996 cc",641,305,3.6,211000,Petrol,5,850
LAMBORGHINI,HURACAN SPYDER,V10,"5,204 cc",610,325,3.4,287000,Petrol,2,600
LAMBORGHINI,AVENTADOR ROADSTER,V12,"6,498 cc",700,350,3,445000,Petrol,2,690
LAMBORGHINI,HURACAN  PERFORMANTE SPYDER,V10,"5,204 cc",640,325,3.1,308000,Petrol,2,600
LAMBORGHINI,AVENTADOR S,V12,"6,498 cc",740,350,2.9,421000,Petrol,2,690
LAMBORGHINI,HURACAN EVO SPYDER,V10,"5,204 cc",640,325,3.1,287000,Petrol,2,600
LAMBORGHINI,URUS PERFORMANTE,V8,"3,996 cc",641,305,3.3,242000,Petrol,5,850
LAMBORGHINI,AVENTADOR ULTIMAE,V12,"6,498 cc",769,355,2.8,545000,Petrol,2,720
LAMBORGHINI,HURACAN EVO RWD,V10,"5,204 cc",610,325,3.3,258000,Petrol,2,560
LAMBORGHINI,AVENTADOR SVJ ROADSTER,V12,"6,498 cc",759,350,2.9,573000,Petrol,2,720
LAMBORGHINI,URUS S,V8,"3,996 cc",671,305,3.3,263000,Petrol,5,850
LAMBORGHINI,HURACAN STO,V10,"5,204 cc",640,325,3,327000,Petrol,2,565
LAMBORGHINI,AVENTADOR LP 780-4 ULTIMATE,V12,"6,498 cc",769,355,2.8,545000,Petrol,2,720
LAMBORGHINI,HURACAN EVO RWD SPYDER,V10,"5,204 cc",610,325,3.3,273000,Petrol,2,600
LAMBORGHINI,AVENTADOR SVJ XAGO,V12,"6,498 cc",759,350,2.9,603000,Petrol,2,720
LAMBORGHINI,URUS GRAPHITE CAPSULE,V8,"3,998 cc",641,305,3.3,253000,Petrol,5,850
LAMBORGHINI,HURACAN STO EVO,V10,"5,204 cc",640,325,3,342000,Petrol,2,565
LAMBORGHINI,AVENTADOR LP 780-4 ULTIMATE ROADSTER,V12,"6,498 cc",769,355,2.8,573000,Petrol,2,720
ROLLS ROYCE ,GHOST,V12,"6,592 cc",591,250,4.8,332000,Petrol,5,850
ROLLS ROYCE,WRAITH,V12,"6,592 cc",624,250,4.4,330000,Petrol,4,870
ROLLS ROYCE,DAWN,V12,"6,592 cc",624,250,4.9,360000,Petrol,4,870
ROLLS ROYCE,CULLINAN,V12,"6,749 cc",563,250,5.2,325000,Petrol,5,850
ROLLS ROYCE,PHANTOM EXTENDED,V12,"6,749 cc",563,250,5.3,500000,Petrol,5,900
ROLLS ROYCE,GHOST EXTENDED,V12,"6,592 cc",591,250,4.8,370000,Petrol,5,850
ROLLS ROYCE,WRAITH BLACK BADGE,V12,"6,592 cc",624,250,4.3,360000,Petrol,4,870
ROLLS ROYCE,DAWN BLACK BADGE,V12,"6,592 cc",624,250,4.8,390000,Petrol,4,870
ROLLS ROYCE,CULLINAN BLACK BADGE,V12,"6,749 cc",563,250,5.1,350000,Petrol,5,850
ROLLS ROYCE,PHANTOM COUPE,V12,"6,749 cc",563,250,5.3,450000,Petrol,4,870
ROLLS ROYCE,GHOST COUPE,V12,"6,592 cc",591,250,4.8,340000,Petrol,4,850
ROLLS ROYCE,WRAITH COUPE,V12,"6,592 cc",624,250,4.4,330000,Petrol,4,870
ROLLS ROYCE,DAWN CONVERTIBLE,V12,"6,592 cc",624,250,4.9,380000,Petrol,4,870
ROLLS ROYCE,CULLINAN SUV,V12,"6,749 cc",563,250,5.2,320000,Petrol,5,850
MERCEDES,BENZ S-CLASS S 580,V8,"3,982 cc",496,250,4.4,116000,Petrol,5,700
MERCEDES,BENZ E-CLASS E 63 S,V8,"3,982 cc",603,250,3.4,104000,Petrol,5,850
MERCEDES,BENZ CLA 45 AMG,I4,1991 cc,382,250,4.1,53000,Petrol,5,500
MERCEDES,BENZ GLE 63 S,V8,"3,982 cc",603,250,4.2,113000,Petrol,5,850
MERCEDES,BENZ S-CLASS S 500,V6,"2,996 cc",429,250,4.9,109000,Petrol,5,700
MERCEDES,BENZ E-CLASS E 450 ,V6,"2,996 cc",362,250,5.2,62000,Petrol,5,500
MERCEDES,BENZ CLS 450,V6,"2,996 cc",362,250,5.2,70000,Petrol,5,500
MERCEDES,BENZ GT 53,V6,"2,996 cc",429,250,4.5,99000,Petrol,5,700
MERCEDES,BENZ GLE 450,V6,"2,996 cc",362,250,5.5,63000,Petrol,5,500
MERCEDES,BENZ A-CLASS A 45 S,I4,"1,991 cc",416,250,3.9,53000,Petrol,5,500
MERCEDES,BENZ C-CLASS C 43,V6,"2,996 cc",402,250,4.7,52000,Petrol,5,520
MERCEDES,BENZ E-CLASS E 350,I4,"1,991 cc",255,250,5.7,49000,Petrol,5,500
MERCEDES,BENZ GLE 350 ,I4,"1,991 cc",255,250,6.1,53000,Petrol,5,500
MERCEDES,BENZ GLC 43,V6,"2,996 cc",402,250,4.7,54000,Petrol,5,520
MERCEDES,BENZ GLA 45,I4,"1,991 cc",382,250,4.3,48000,Petrol,5,500
MERCEDES,BENZ GLC 350 ,I4,"1,991 cc",255,250,6.1,46000,Petrol,5,500
MERCEDES,BENZ GLE 53,V6,"2,996 cc",429,250,5.2,71000,Petrol,5,620
MERCEDES,BENZ S-CLASS S 350,I4,"1,991 cc",255,250,6.5,90000,Petrol,5,500
MERCEDES,BENZ MAYBACH S 680,V12,"5,980 cc",630,250,4.7,200000,Petrol,5,1000
BMW,M5 CS,V8,"4,395 cc",627,305,3,142000,Petrol,5,750
BMW,M4 GTS,I6,"2,993 cc",493,305,3.7,133000,Petrol,4,600
BMW,M3 COMPETITION,I6,"2,993 cc",503,285,3.5,76000,Petrol,5,650
BMW,M2 CS,I6,"2,993 cc",444,280,4,83000,Petrol,4,550
BMW,X5 M COMPETITION,V8,"4,935 cc",523,285,4.1,114000,Petrol,5,750
BMW,X3 M COMPETITION,I6,"2,993 cc",503,285,4.1,69000,Petrol,5,650
BMW,M8 GRAN COUPE,V8,"4,395 cc",523,305,3.3,146000,Petrol,5,750
BMW,M850i DRIVE COUPE,V8,"4,935 cc",523,285,3.7,108000,Petrol,4,750
ROLLS ROYCE,DAWN BLACK BADGE VOLANTE,V12,"6,592 cc",563,250,4.8,398000,Petrol,4,840
ROLLS ROYCE,CULLINAN BLACK BADGE SUV,V12,"6,749 cc",563,250,5.1,381000,Petrol,5,850
ROLLS ROYCE,PHATOM TRANQUILITY,V12,"6,749 cc",563,250,5.3,475000,Petrol,5,900
ROLLS ROYCE,GHOST ZENITH,V12,"6,749 cc",563,250,4.9,335000,Petrol,5,900
ROLLS ROYCE,WRAITH EAGLE VIII,V12,"6,592 cc",623,250,4.5,349000,Petrol,4,800
ROLLS ROYCE,PHATOM ORCHID,V12,"6,749 cc",563,250,5.3,495000,Petrol,5,900
ROLLS ROYCE,GHOST AZURE,V12,"6,749 cc",563,250,4.9,355000,Petrol,5,900
ROLLS ROYCE,WRAITH KRYPTOS,V12,"6,592 cc",623,250,4.5,369000,Petrol,4,800
ROLLS ROYCE,DAWN SILVER BULLET,V12,"6,592 cc",563,250,4.8,418000,Petrol,4,840
ROLLS ROYCE,CULLINAN FUX ORANGE,V12,"6,749 cc",563,250,5.1,401000,Petrol,5,850
ROLLS ROYCE,PHANTOM CELESTIAL,V12,"6,749 cc",563,250,5.3,515000,Petrol,5,900
ROLLS ROYCE,GHOST MYSORE,V12,"6,749 cc",563,250,4.9,375000,Petrol,5,900
ROLLS ROYCE,WRAITH LUMINARY,V12,"6,592 cc",623,250,4.5,389000,Petrol,4,800
ROLLS ROYCE,DAWN BLACK BADGE ADAMAS,V12,"6,592 cc",563,250,4.8,439000,Petrol,4,840
ROLLS ROYCE,CULLINAN RED DIAMOND,V12,"6,749 cc",563,250,5.1,421000,Petrol,5,850
AUDI,R8 V10 PLUS,V10,"5,204 cc",610,330,3.2,194000,Petrol,2,560
AUDI,RS7 SPORTBACK,V8,"3,993 cc",591,305,3.6,114000,Petrol,5,800
AUDI,S8,V8,"3,993 cc",563,305,4.3,101000,Petrol,5,800
AUDI,RS6 AVANT,V8,"3,993 cc",591,305,3.6,109000,Petrol,5,800
AUDI,S7 SPORTBACK,V8,"3,993 cc",563,305,4.3,96000,Petrol,5,650
AUDI,A8,V6,"2,995 cc",335,250,5.7,86000,Petrol,5,600
AUDI,S5 COUPE,V6,"2,995 cc",349,250,4.8,64000,Petrol,4,500
AUDI,SQ5,V6,"2,995 cc",349,250,5.4,62000,Petrol,5,500
AUDI,S4 SEDAN,V6,"2,995 cc",349,250,4.7,59000,Petrol,5,500
AUDI,S3 SEDAN,I4,"1,984 cc",306,250,4.8,52000,Petrol,5,400
AUDI,Q7,V6,"2,995 cc",335,250,6.3,60000,Petrol,7,600
AUDI,Q5,I4,"1,984 cc",248,240,6.3,43000,Petrol,5,500
AUDI,A7,V6,"2,995 cc",335,250,5.7,68000,Petrol,5,600
AUDI,A6,V6,"2,995 cc",335,250,5.7,58000,Petrol,5,600
AUDI,A5 COUPE,I4,"1,984 cc",248,240,6.3,45000,Petrol,4,500
AUDI,A4,I4,"1,984 cc",248,240,6.5,39000,Petrol,5,400
AUDI,Q3,I4,"1,984 cc",248,230,7.3,35000,Petrol,5,400
AUDI,TT COUPE,I4,"1,984 cc",248,250,5.3,49000,Petrol,2,400
BMW,I8 ROADSTER,ELECTRIC MOTOR,11.6 kwh,369,250,4.4,165000,Hybrid,2,570
BMW,330i,I4,"1,998 cc",255,250,5.6,45000,Petrol,5,400
BMW,M340i XDRIVE,I6,"2,998 cc",382,250,4.1,57000,Petrol,5,500
BMW,430i COUPE,I4,"1,998 cc",255,250,5.8,48000,Petrol,4,400
BMW,M4 COMPETITION,I6,"2,993 cc",503,290,3.8,81000,Petrol,4,650
BMW,530i,I4,"1,998 cc",248,250,5.9,57000,Petrol,5,400
BMW,M550i XDRIVE,V8,"4,395 cc",523,250,3.6,78000,Petrol,5,650
BMW,118i,I3,"1,499 cc",136,213,8.5,32000,Petrol,5,220
BMW,128ti,I4,"1,998 cc",261,250,6.1,42000,Petrol,5,400
BMW,M135i XDRIVE,I4,"1,998 cc",302,250,4.8,30000,Petrol,5,450
BMW,116D,I3,"1,496 cc",116,200,10.3,30000,Diesel,5,280
BMW,120D XDRIVE,I4,"1,995 cc",190,230,6.9,38000,Diesel,5,400
BMW,116i,I3,"1,499 cc",109,200,10.9,28000,Petrol,5,200
BMW,118D,I4,"1,995 cc",150,216,8.4,34000,Diesel,5,380
BMW,120i,I4,"1,998 cc",178,230,7.1,37000,Petrol,5,300
BMW,125i,I4,"1,998 cc",224,240,6.1,42000,Petrol,5,400
BMW,114D,I3,"1,496 cc",95,185,12.2,27000,Diesel,5,270
BMW,114i,I4,"1,598 cc",102,195,11.2,26000,Petrol,5,200
BMW,125D,I4,"1,995 cc",224,240,6.3,44000,Diesel,5,400
BMW,118i XDRIVE,I3,"1,499 cc",136,211,8.9,34000,Petrol,5,250
BMW,116D EFFICIENTDYNAMICS,I3,"1,496 cc",116,200,10.9,30000,Diesel,5,270
BMW,118i SPORTLINE,I3,"1,499 cc",136,213,8.5,35000,Petrol,5,250
BMW,118i M SPORT,I3,"1,499 cc",136,213,8.5,37000,Petrol,5,250
BMW,120i M SPORT,I4,"1,998 cc",178,230,7.1,39000,Petrol,5,300
BMW,116i EFFICIENTDYNAMICS,I4,"1,598 cc",109,195,10.9,29000,Petrol,5,200
BMW,116D ADVANTAGE,I3,"1,496 cc",116,200,10.5,31000,Diesel,5,270
BMW,120D EFFICIENTDYNAMICS,I4,"1,995 cc",163,225,7.7,39000,Diesel,5,400
BMW,118i SHADOW LINE,I3,"1,499 cc",136,213,8.5,36000,Petrol,5,250
BMW,118D SPORT LINE,I4,"1,995 cc",150,216,8.4,36000,Diesel,5,380
BMW,120i XDRIVE,I4,"1,998 cc",178,230,7.2,40000,Petrol,5,300
BMW,114D SPORT LINE,I3,"1,496 cc",95,185,12.2,28000,Diesel,5,270
BMW,118i URBAN LINE,I3,"1,499 cc",136,213,8.5,35000,Petrol,5,250
KIA,SPORTAGE LX,I4,"2,480 cc",187,200,8,27000,Petrol,5,250
KIA,SPORTAGE EX,I4,"2,480 cc",187,200,8,30000,Petrol,5,250
KIA,SPORTAGE GT-LINE,I4,"2,480 cc",187,200,8,32000,Petrol,5,350
KIA,SPORTAGE SX TURBO,I4,"1,998 cc",240,210,6.7,36000,Petrol,5,400
KIA,SPORTAGE NIGHTFALL EDITION,I4,"2,480 cc",187,200,8,33000,Petrol,5,350
HONDA,CIVIC TYPE R,I4,"1,996 cc",315,272,5.7,44000,Petrol,5,400
KIA,SPORTAGE 2024(BASE MODEL),I4,"2,480 cc",187,200,8,26000,Petrol,5,250
KIA,SPORTAGE 2024(TOP TRIM),I4,"1,998 cc",240,210,6.7,38000,Petrol,5,400
KIA,SPORTAGE 2024(BASE AWD),I4,"2,480 cc",187,200,8.3,29000,Petrol,5,250
KIA,SPORTAGE X-LINE,I4,"2,480 cc",187,200,8,32500,Petrol,5,350
KIA,SPORTAGE 2024(S TRIM),I4,"2,480 cc",187,200,8.2,28000,Petrol,5,250
HONDA,ACCORD,I4,"1,498 cc",192,201,7.1,29400,Petrol,5,370
KIA,SPORTAGE 2024(X-PRO),I4,"2,480 cc",187,200,8.1,36000,Petrol,5,400
KIA,SPORTAGE 2024(X-PRO PRESTIGE),I4,"2,480 cc",187,200,8.1,38000,Petrol,5,400
KIA,SPORTAGE 2024(SX TURBO AWD),I4,"1,998 cc",240,210,6.5,40000,Petrol,5,400
KIA  ,SPORTAGE 2024(BASE FWD),I4,"2,480 cc",187,200,8.5,26500,Petrol,5,250
HONDA,CR-V,I4,"1,498 cc",190,186,8.2,30000,Hybrid,5,400
HONDA,PILOT,V6,"3,471 cc",285,209,6.3,40000,Petrol,8,360
HONDA,CIVIC HATCHBACK,I4,"1,498 cc",180,220,6.8,26350,Petrol,5,300
TOYOTA,CAMRY,V6,"3,500 cc",301,220,6,27000,Hybrid,5,250
TOYOTA,COROLLA,I4,"1,798 cc",139,180,9.4,22500,Hybrid,5,200
TOYOTA,PRIUS,I4,"1,798 cc",121,180,10.5,26700,Hybrid,5,142
TOYOTA,RAV4,I4,"2,494 cc",203,200,8.1,27100,Hybrid,5,400
TOYOTA,HIGHLANDER,V6,"3,456 cc",295,220,7.2,38400,Hybrid,7,370
TOYOTA,4RUNNER ,V6,"3,956 cc",270,200,7.5,37400,Petrol,5,400
TOYOTA,TACOMA,I4,"2,694 cc",159,180,9.5,26400,Petrol,5,400
TOYOTA,TUNDRA,V8,"5,663 cc",381,220,6.7,39900,Petrol,5,650
TOYOTA,AVALON,V6,"3,456 cc",301,220,6.9,41400,Petrol,5,400
TOYOTA,MIRAI,I4,"1,798 cc",151,180,9.2,52400,Hydrogen,5,335
TOYOTA,SIENNA,V6,"2,494 cc",245,190,8,44150,Hybrid,7,360
TOYOTA,VENZA,I4,"2,494 cc",219,200,7.5,33400,Hybrid,5,400
TOYOTA,HIGHLANDER HYBRID,V6,"3,456 cc",240,220,8.2,40400,Hybrid,7,350
TOYOTA,TUNDRA HYBRID,V6,"3,456 cc",344,220,6.2,43400,Hybrid,5,650
TOYOTA,YARIS,I4,"1,496 cc",106,180,11.2,18400,Petrol,5,150
TOYOTA,C-HR,I4,"1,986 cc",144,200,10.2,24400,Hybrid,5,250
TOYOTA,CROWN,HYBRID,"2,494 cc",236,200,7.6,38400,Hybrid,5,400
TOYOTA,MR2,I4,"1,986 cc",168,200,6.9,29000,Petrol,2,400
TOYOTA,CELICA,I4,"1,986 cc",140,200,8.5,25000,Petrol,5,250
HONDA,CITY,I4,"1,497 cc",119,180,10.2,15400,Hybrid,5,145
HONDA,CIVIC,I4,"1,996 cc",158,200,8.5,20400,Petrol,5,400
HYUNDAI,I10,"1.2L,4-CYLINDER,INLINE-4(I4)","1,197 cc",87,160,12.2,12400,Petrol,5,120
HYUNDAI,I20,"1.4L,4-CYLINDER,INLINE-4(I4)","1,396 cc",99,180,10.5,15400,Hybrid,5,250
HYUNDAI,ELANTRA,"2.0L,4-CYLINDER,INLINE-4(I4)","1,999 cc",147,200,9.5,18400,Hybrid,5,250
MAHINDRA,XUV500,"2.2L,4-CYLINDER,INLINE-4(I4)","2,179 cc",155,180,10.5,18400,Diesel,7,400
MAHINDRA,SCORPIO,"2.2L,4-CYLINDER,INLINE-4(I4)","2,179 cc",140,160,11.2,16400,Diesel,7,280
MARUTI SUZUKI,SWIFT,"1.2L,4-CYLINDER,INLINE-4(I4)","1,197 cc",83,160,12.2,10400,Petrol,5,113
MARUTI SUZUKI,BREZZA,"1.5L,4-CYLINDER,INLINE(I4)","1,462 cc",103,180,11.5,14400,Petrol,5,200
TOYOTA,PRIUS PRIME,"2.0L,4-CYLINDER,WITH HYBRID SYSTEM","1,998 cc",220,180,6.7,31100,Hybrid,5,220
TOYOTA,GR COROLLA,"1.6L,TURBOCHARGED INLINE-3","1,618 cc",300,230,5,36995,Petrol,5,370
TOYOTA,TUNDRA I-FORCE MAX,"3.5L,V6,HYBRID TWIN-TURBO","3,445 cc",437,180,6.2,56000,Hybrid,5,750
TOYOTA,COROLLA HATCHBACK XSE,"2.0L,INLINE-4","1,987 cc",169,190,8.2,25390,Petrol,5,250
TOYOTA,MIRAI,"HYDROGEN FUEL CELL,ELECTRIC MOTOR",1.24 kwh,152,180,9,49500,Hydrogen,5,335
TOYOTA,ALPHARD EXECUTIVE LOUNGE,"2.5L,INLINE-4,HYBRID,OR 3.5L,V6",HYBRID,296,180,8.5,60000,Petrol,7,400
TOYOTA,INNOVA HYCROSS,2.0L HYBRID,"1,987 cc",184,165,9.5,40000,Hybrid,7,250
TOYOTA,URBAN CRUISER TAISOR,"1.5L,HYBRID","1,490 cc",114,170,11,25000,Petrol,5,130
TOYOTA,AYGO X,"1.0L,INLINE-3",998 cc,71,160,14.8,18000,Petrol,4,93
TOYOTA,HILUX REVO ROCCO,"2.8L,TURBO,DIESEL","2,755 cc",204,175,10,50000,Diesel,5,500
TOYOTA,CENTURY SUV,"3.5L,V6,PLUG IN HYBRID","3,456 cc",406,200,6,170000,Petrol,5,500
TOYOTA,COROLLA SEDAN HYBRID,"1.8L,HYBRID","1,798 cc",134,180,10,24000,Hybrid,5,300
TOYOTA,GR YARIS,"1.6L,TURBOCHARGED INLINE-3","1,618 cc",268,230,5.5,45000,Petrol,4,390
HYUNDAI,SANTA FE,1.6L PETROL + PLUG IN HYBRID SYSTEM,"1,600 cc",253,180,9.3,50000,Hybrid,7,420
HYUNDAI,Santa Cruz,2.5L Turbocharged Inline-4,"2,500 cc",281,215,6.5,40799,Petrol,5,400
HYUNDAI,Kona,1.6L PETROL ,"1,591 cc",147,185,10,20500,Hybrid,5,400
HYUNDAI,Elantra,2.0L Inline-4,"2,000 cc",147,210,8.3,19950,Hybrid,5,250
HYUNDAI,Tucson,2.5L Inline-4,"2,500 cc",187,180,6.1,30500,Hybrid,5,400
HYUNDAI,Palisade,3.8L V6,"3,800 cc",291,240,6.3,52000,Petrol,7,355
HYUNDAI,Sonata,2.5L Inline-4,"2,500 cc",191,240,8,25000,Hybrid,5,250
HYUNDAI,Accent,1.6L Inline-4,"1,600 cc",120,180,9.8,15000,Petrol,5,151
HYUNDAI,Venue,1.6L Inline-4,"1,600 cc",121,180,9.5,18000,Petrol,5,240
HYUNDAI,Veloster,2.0L Inline-4,"2,000 cc",275,220,6,25000,Petrol,4,264
HYUNDAI,NEXO,Electric Motor,1.56 kwh,161,180,7.8,38000,Hydrogen,5,400
HYUNDAI,Ioniq,1.6L Inline-4,"1,600 cc",139,160,8.5,18000,Hybrid,5,295
HYUNDAI,Genesis,3.8L V6,"3,800 cc",291,240,6.3,52000,Petrol,5,400
HYUNDAI,Azera,3.3L V6,"3,300 cc",278,240,6.5,55000,Petrol,5,250
HYUNDAI,Equus,3.3L V6,"3,300 cc",278,240,6.5,55000,Petrol,5,400
HYUNDAI,Tiburon,2.0L Inline-4,"2,000 cc",160,200,8.2,19000,Petrol,4,320
HYUNDAI,Elantra GT,1.6L Turbo GDI 4-cylinder,"2,000 cc",160,200,8.3,22000,Petrol,5,320
Volkswagen,Passat,2.0L Turbo I4,1984 cc,215,210,7.8,25000,Petrol,5,250
Volkswagen,Tiguan,2.0L Turbo I4,1984 cc,215,209,8.5,28505,Hybrid,7,300
Volkswagen,Jetta,1.5L Turbo I4,1498 cc,215,210,7.7,21995,Petrol,5,250
Volkswagen,Arteon,2.0L Turbo I4,1984 cc,215,250,5.6,46000,Petrol,5,350
Volkswagen,Up!,Electric,32.3 kWh,82,160,13,15000,Petrol,4,95
Volkswagen,Scirocco,2.0L Turbo I4,1984 cc,202.5,233,6,35000,Petrol,4,350
Volkswagen,Beetle,2.0L Turbo I4,1984 cc,157.5,205,7,20000,Petrol,4,240
Volkswagen,Amarok,3.0L V6 Turbo Diesel,2967 cc,210.5,180,7.9,40000,Diesel,5,550
Volkswagen,T-Roc,2.0L Turbo I4,1984 cc,207.5,205,7.2,30000,Petrol,5,320
Nissan,NV1500,4.0L V6,3954 cc,261,160,9.5,33000,Petrol,12,385
Volkswagen,Taigo,1.5L Turbo I4,1498 cc,122.5,183,10,24000,Petrol,5,200
Volkswagen,California,2.0L Turbo I4,1984 cc,177,180,13,70000,Diesel,7,340
Volkswagen,Golf GTI,2.0L Turbo I4,1984 cc,245,250,5.9,31965,Petrol,5,350
Volkswagen,Golf R,2.0L Turbo I4,1984 cc,315,250,4.6,44640,Petrol,5,420
Volkswagen,Passat Alltrack,2.0L Turbo Diesel I4,1968 cc,215,220,7.8,36000,Diesel,5,400
Volkswagen,Polo GTI,2.0L Turbo I4,1984 cc,204,238,6.7,28000,Petrol,5,320
Volkswagen,Up! GTI,1.0L Turbo I3,999 cc,115,196,8.8,20000,Petrol,4,200
Volkswagen,Touareg R,Plug-in Hybrid V6,2995 cc,462,250,5.1,70000,Hybrid,5,700
Volkswagen,Polo BlueMotion,1.2L Diesel I3,1199 cc,85,190,10.5,22000,Diesel,5,250
Volkswagen,Golf Sportsvan,1.5L Turbo I4,1498 cc,140,210,8.9,30000,Petrol,5,250
Volkswagen,Golf Alltrack,2.0L Turbo Diesel I4,1968 cc,247,210,7.1,35000,Petrol,5,350
Volkswagen,Scirocco R,2.0L Turbo I4,1984 cc,280,250,5.5,40000,Petrol,4,350
Volkswagen,Tiguan Allspace,2.0L Turbo I4,1984 cc,207,215,7.6,35000,Petrol,7,320
Volkswagen,Arteon 4MOTION,2.0L Turbo I4,1984 cc,255,250,5.6,48000,Petrol,5,350
Volkswagen,Crafter,2.0L Turbo Diesel I4,1968 cc,190.5,160,13,40000,Diesel,3,410
Volkswagen,Corrado,2.9L VR6,2861 cc,190,235,6.4,25000,Petrol,4,245
Volkswagen,Santana,1.5L I4 Gas,1498 cc,110,190,12.9,15000,Petrol,5,145
Volkswagen,Karmann Ghia,1.2L I4 Gas,1192 cc,47,138,23,25000,Petrol,2,106
Volkswagen,Vento,1.6L I4 Gas / Diesel,1598 cc,107.5,186,11.7,18000,Petrol,5,153
Volkswagen,Taos,1.5L I4 Turbo,1498 cc,158,193,8.4,24000,Petrol,5,250
Volkswagen,Up! Cabriolet,1.0L I3 Turbo,999 cc,98.5,160,12.4,18000,Petrol,4,95
Volkswagen,Passat CC,2.0L I4 Turbo,1984 cc,240,240,7.3,40000,Petrol,5,280
Volkswagen,Transporter,2.0L I4 Turbo Diesel,1968 cc,153,180,12.2,35000,Diesel,9,340
Volkswagen,Amarok V6,3.0L V6 Turbo Diesel,2967 cc,231,191,7.9,45000,Diesel,5,580
Volkswagen,Touareg V8,4.0L V8 Turbo Diesel,3956 cc,421,250,4.9,70000,Petrol,5,770
Volkswagen,Beetle Dune,1.4L I4 Turbo,1395 cc,150,200,7.5,30000,Petrol,4,250
Volkswagen,Golf Country,1.8L I4 Gas,1781 cc,98,165,12,25000,Petrol,5,170
Volkswagen,Jetta GLI,2.0L I4 Turbo,1984 cc,228,250,6.5,31000,Petrol,5,350
Volkswagen,Arteon Shooting Brake,2.0L I4 Turbo,1984 cc,235,250,5.6,50000,Petrol,5,420
Volkswagen,Golf R32,3.2L VR6,3189 cc,240,250,6.2,40000,Petrol,5,320
Volkswagen,Scirocco 16V,1.8L I4 Gas,1781 cc,137,220,7.1,35000,Petrol,4,230
Volkswagen,Polo BlueMotion,1.2L Diesel I3,1199 cc,85,190,10.5,20000,Diesel,5,210
Volkswagen,Golf Variant GTD,2.0L Diesel I4,1968 cc,184,230,7.5,38000,Diesel,5,380
Volkswagen,Polo GTI R5,1.6L Turbocharged Rally Engine,1598 cc,272,200,4.1,45000,Petrol,5,400
Volkswagen,Jetta Hybrid,1.4L I4 Turbo + Electric Motor,1395 cc,170,210,8.6,28000,Hybrid,5,250
Volkswagen,Golf Variant Alltrack,2.0L Diesel I4,1968 cc,175,220,7.8,35000,Petrol,5,320
Volkswagen,Golf TDI,2.0L Diesel I4,1968 cc,167,220,8,28000,Diesel,5,350
Volkswagen,Polo GTI Clubsport,2.0L I4 Turbo,1984 cc,300,240,6.7,30000,Petrol,5,320
Volkswagen,Jetta Hybrid,1.4L I4 Turbo + Electric Motor,1395 cc,170,210,8.6,28000,Hybrid,5,250
Volkswagen,Arteon R-Line,2.0L I4 Turbo,1984 cc,235,250,5.6,50000,Petrol,5,420
Volkswagen,Golf TGI,1.5L I4 CNG,1498 cc,130,220,8.8,30000,Petrol,5,200
Volkswagen,Scirocco GTS,2.0L I4 Turbo,1984 cc,220,246,6.5,35000,Petrol,4,350
Volkswagen,Caddy Maxi,2.0L Diesel I4,1968 cc,136,180,12,25000,Diesel,7,250
Volkswagen,Volkswagen Lupo 3L,1.2L Diesel I3,1199 cc,61,165,14.5,20000,Diesel,4,140
Volkswagen,Polo Beats,1.0L I3 Turbo,999 cc,95,187,9.5,22000,Petrol,5,175
Volkswagen,Passat Hybrid,1.4L I4 Turbo + Electric Motor,1395 cc,215,210,7.4,32000,Hybrid,5,330
Volkswagen,Golf TCR,2.0L I4 Turbo,1984 cc,290,250,5.6,40000,Petrol,5,370
Volkswagen,Tiguan R-Line,2.0L I4 Turbo,1984 cc,210,250,4.9,45000,Petrol,5,420
Volkswagen,Sharan Business,2.0L Diesel I4,1968 cc,167,200,8.3,35000,Diesel,7,350
Volkswagen,Arteon 280 TSI,2.0L I4 Turbo,1984 cc,280,250,5.6,50000,Petrol,5,350
Volkswagen,Jetta GLI 35th,2.0L I4 Turbo,1984 cc,228,250,6.5,31000,Petrol,5,350
Volkswagen,Beetle Final Edition,2.0L I4 Turbo,1984 cc,174,205,7,25000,Petrol,4,250
Volkswagen,Golf Variant TDI,2.0L Diesel I4,1968 cc,167,220,7.8,30000,Diesel,5,350
Volkswagen,Golf 4MOTION,2.0L Diesel I4,1968 cc,167,250,4.9,40000,Petrol,5,400
Volkswagen,Polo GTI Plus,2.0L I4 Turbo,1984 cc,207,237,6.7,30000,Petrol,5,320
Volkswagen,Touareg V6,3.0L V6 Turbo Diesel / Gasoline,2967 cc,285.5,235,7.5,60000,Petrol,5,450
Volkswagen,Amarok V8,4.0L V8 Turbo Diesel,3996 cc,325,210,7.4,70000,Diesel,5,580
Volkswagen,Golf R Cabriolet,2.0L I4 Turbo,1984 cc,265,250,5.9,45000,Petrol,4,380
Volkswagen,Passat Alltrack TDI,2.0L Diesel I4,1968 cc,190,220,8,40000,Diesel,5,400
Nissan,Versa,1.6L Inline-4,1598 cc,122,180,10.4,16700,Petrol,5,154
Nissan,Micra,1.0L Turbocharged Inline-3,999 cc,100,175,10.8,15500,Petrol,5,160
Nissan,Patrol Platinum,5.6L V8,5552 cc,400,210,7.3,77000,Petrol,7,560
Nissan,Qashqai,1.3L Turbocharged Inline-4,1332 cc,156,195,8.9,26000,Petrol,5,260
Nissan,Murano,3.5L V6,3498 cc,260,210,7.5,39000,Petrol,5,325
Nissan,Maxima Platinum,3.5L V6,3498 cc,300,220,6.2,45000,Petrol,5,353
Nissan,Armada,5.6L V8,5552 cc,400,210,6.5,51000,Petrol,8,560
Nissan,Kicks,1.6L Inline-4,1598 cc,122,180,10.7,20000,Petrol,5,154
Nissan,X-Trail,1.5L Turbocharged Inline-3,1498 cc,201,200,8,29000,Hybrid,5,305
Nissan,Z (Fairlady Z),3.0L Twin-Turbo V6,2997 cc,400,250,4.5,40000,Petrol,2,475
Nissan,Almera,1.0L Turbocharged Inline-3,999 cc,100,185,10.7,14500,Petrol,5,160
Nissan,Sylphy,1.8L Inline-4,1798 cc,137,190,9.6,18000,Petrol,5,174
Nissan,Note,1.2L Inline-3 Hybrid,1198 cc,109,170,11.5,16000,Hybrid,5,150
Nissan,Sunny,1.6L Inline-4,1598 cc,118,180,11,15000,Petrol,5,156
Nissan,Cube,1.8L Inline-4,1798 cc,122,175,10.6,14500,Petrol,5,171
Nissan,Juke,1.0L Turbocharged Inline-3,999 cc,117,180,10.4,25000,Petrol,5,180
Nissan,Terrano,1.5L Inline-4 Diesel,1461 cc,110,168,13.5,15500,Diesel,5,248
Nissan,Magnite,1.0L Turbocharged Inline-3,999 cc,100,160,13,12000,Petrol,5,160
Nissan,Xterra,4.0L V6,3954 cc,261,200,7.8,35000,Petrol,7,381
Nissan,Patrol,5.6L V8,5552 cc,400,210,7.3,77000,Petrol,7,560
Nissan,GT-R NISMO,3.8L Twin-Turbo V6,3799 cc,600,330,2.9,220000,Petrol,2,652
Nissan,370Z Roadster,3.7L V6,3696 cc,332,250,5.5,41820,Petrol,2,366
Nissan,Patrol Royale,5.6L V8,5552 cc,400,210,6.6,85000,Petrol,7,560
Nissan,Infiniti QX80*,5.6L V8,5552 cc,400,210,6.5,70600,Petrol,7,560
Nissan,Tiida,1.6L Inline-4,1598 cc,126,190,10.1,14500,Petrol,5,154
Nissan,Pulsar,1.2L Turbocharged Inline-4,1197 cc,115,190,10.7,19000,Petrol,5,190
Nissan,Latio,1.5L Inline-4,1498 cc,102,175,11.5,13000,Petrol,5,139
Nissan,Bluebird Sylphy,2.0L Inline-4,1997 cc,133,185,10.5,18500,Petrol,5,191
Nissan,March,1.2L Inline-3,1198 cc,79,170,13.7,12000,Petrol,5,106
Nissan,Rogue Sport,2.0L Inline-4,1997 cc,141,190,9.8,24960,Petrol,5,199
Nissan,X-Trail Hybrid,2.0L Inline-4 Hybrid,1997 cc,179,180,9.4,28500,Hybrid,5,207
Nissan,Pathfinder Rock Creek,3.5L V6,3498 cc,284,190,7.4,42820,Petrol,7,351
Nissan,Armada Platinum,5.6L V8,5552 cc,400,210,6.5,65300,Petrol,8,560
Nissan,Terrano XL,1.6L Inline-4,1598 cc,104,165,12.5,14000,Petrol,5,145
Nissan,GT-R50 by Italdesign,3.8L Twin-Turbo V6,3799 cc,720,315,2.5,1100000,Petrol,2,780
Nissan,370Z NISMO,3.7L V6,3696 cc,350,250,5.2,45790,Petrol,2,374
Nissan,Patrol NISMO,5.6L V8,5552 cc,428,210,6.5,105000,Petrol,7,560
Nissan,Infiniti Q60*,3.0L V6 Twin-Turbo,2997 cc,300,250,5,41750,Petrol,4,400
Nissan,Primera,2.0L Inline-4,1998 cc,140,200,9.6,20000,Petrol,5,190
Nissan,Skyline,3.0L V6 Twin-Turbo,2997 cc,400,250,5,50000,Petrol,5,475
Nissan,Cedric,2.0L Inline-6,1998 cc,150,190,10.5,22000,Petrol,5,190
Nissan,Gloria,2.5L V6,2498 cc,210,210,8.6,30000,Petrol,5,250
Nissan,Stanza,1.8L Inline-4,1796 cc,120,175,11,18500,Petrol,5,170
Nissan,Patrol Super Safari,4.8L Inline-6,4750 cc,280,190,8.2,55000,Petrol,7,451
Nissan,Pathfinder Hybrid,2.5L Inline-4 Hybrid,2488 cc,250,190,7.7,42500,Hybrid,7,329
Nissan,X-Terra Pro-4X,2.5L Inline-4,2498 cc,190,175,10.8,40000,Petrol,7,240
Nissan,Rogue Platinum,1.5L Turbo Inline-3,1497 cc,201,180,8.2,38000,Petrol,5,300
Nissan,Qashqai Tekna,1.3L Turbo Hybrid Inline-4,1332 cc,158,190,9.2,36000,Hybrid,5,270
Nissan,GT-R V-Spec,3.8L Twin-Turbo V6,3799 cc,600,330,2.8,175000,Petrol,2,652
Nissan,Skyline NISMO,3.0L Twin-Turbo V6,2997 cc,420,270,4.7,55000,Petrol,5,475
Nissan,Patrol Titanium,5.6L V8,5552 cc,428,210,6.5,98000,Petrol,7,560
Nissan,Infiniti FX50*,5.0L V8,5026 cc,390,250,5.6,61750,Petrol,5,500
Nissan,Avenir,2.0L Inline-4,1998 cc,140,180,9.8,20000,Petrol,5,186
Nissan,Wingroad,1.8L Inline-4,1798 cc,125,175,10.8,18000,Petrol,5,168
Nissan,Presea,1.8L Inline-4,1838 cc,115,170,11.5,17500,Petrol,5,161
Nissan,Leopard,3.0L V6,2960 cc,210,200,8.4,32000,Petrol,5,265
Nissan,Sunny NISMO Edition,1.6L Turbo Inline-4,1598 cc,190,200,7.5,24000,Petrol,5,240
Nissan,Paladin,2.4L Inline-4,2438 cc,150,180,10.6,20000,Petrol,5,217
Nissan,Hardbody SUV,2.5L Inline-4,2498 cc,158,175,11,18500,Petrol,5,225
Nissan,Patrol Desert Edition,5.6L V8,5552 cc,428,210,6.5,95000,Petrol,7,560
Nissan,Pathfinder Armada,5.6L V8,5552 cc,400,200,6.5,60000,Petrol,7,560
Nissan,Rogue Midnight Edition,1.5L Turbo Inline-3,1497 cc,201,180,8.2,39000,Petrol,5,300
Nissan,GT-R Black Edition,3.8L Twin-Turbo V6,3799 cc,600,330,2.8,185000,Petrol,2,652
Nissan,Fairlady Z Heritage,3.0L Twin-Turbo V6,2997 cc,400,250,4.2,48000,Petrol,2,475
Nissan,Skyline GT-R R34,2.6L Twin-Turbo Inline-6,2568 cc,276,250,5.6,70000,Petrol,4,392
Nissan,Infiniti QX55*,2.0L VC-Turbo Inline-4,1997 cc,268,230,6.5,50000,Petrol,5,380
Nissan,NV350 Caravan,2.5L Inline-4 Diesel,2488 cc,129,155,12.5,28000,Diesel,8,356
Nissan,Navara,2.3L Inline-4 Diesel,2298 cc,190,180,10.2,32000,Diesel,5,450
Nissan,Titan XD,5.6L V8,5552 cc,400,195,6.9,55000,Petrol,6,560
Nissan,Evalia,1.5L Inline-4 Diesel,1461 cc,85,140,15,25000,Diesel,7,200
Nissan,Cabstar,2.5L Inline-4 Diesel,2488 cc,130,145,14.8,27000,Diesel,3,350
Nissan,Cherry,1.4L Inline-4,1397 cc,67,145,14,14000,Petrol,5,110
Nissan,Laurel,2.8L Inline-6 Diesel,2825 cc,94,160,12.5,22000,Diesel,5,184
Nissan,Silvia,2.0L Turbo Inline-4,1998 cc,247,235,5.9,45000,Petrol,4,275
Nissan,NX Coupe,2.0L Inline-4,1998 cc,140,200,9,22000,Petrol,4,180
Nissan,AD Wagon,1.5L Inline-4,1498 cc,105,165,12.3,16000,Petrol,5,150
Nissan,Patrol Super Safari Y61,4.8L Inline-6,4750 cc,280,190,8.2,58000,Petrol,7,451
Nissan,Pathfinder Rock Creek Edition,3.5L V6,3498 cc,284,195,7.2,44000,Petrol,7,351
Nissan,Terrano II,2.7L Inline-4 Diesel,2664 cc,125,160,12.9,28000,Diesel,5,278
Nissan,Murano CrossCabriolet,3.5L V6,3498 cc,260,195,7.6,47000,Petrol,4,325
Nissan,X-Trail Tekna,1.5L Turbo Hybrid,1497 cc,204,190,8,43000,Hybrid,5,305
Nissan,GT-R LM NISMO,3.0L Twin-Turbo V6 Hybrid,3000 cc,500,320,3,600000,Hybrid,2,650
Nissan,Skyline 400R,3.0L Twin-Turbo V6,2997 cc,400,250,4.5,70000,Petrol,5,475
Nissan,Infiniti G37*,3.7L V6,3696 cc,328,250,5.5,42000,Petrol,5,365
Nissan,Patrol Black Edition,5.6L V8,5552 cc,400,200,6.5,85000,Petrol,7,560
Nissan,Datsun 510 (Classic),1.6L Inline-4,1595 cc,96,175,10.2,25000,Petrol,4,135
Nissan,200SX,2.0L Turbo Inline-4,1998 cc,200,240,7.2,30000,Petrol,4,265
Nissan,300ZX,3.0L Twin-Turbo V6,2960 cc,300,250,5.9,50000,Petrol,4,384
Nissan,R390 GT1 Road Car,3.5L Twin-Turbo V8,3495 cc,550,354,3.3,1000000,Petrol,2,637
Nissan,Figaro,1.0L Turbo Inline-4,987 cc,76,170,12.8,20000,Petrol,4,103
Nissan,Hardbody Truck,2.4L Inline-4,2389 cc,134,160,10.6,25000,Petrol,5,206
Nissan,Atlas,3.0L Inline-4 Diesel,2999 cc,130,130,18,35000,Diesel,3,300
Nissan,Clipper,660cc Inline-3,659 cc,48,110,18.5,10000,Petrol,4,62
Nissan,NV200,2.0L Inline-4,1998 cc,131,140,14,28000,Petrol,7,188
Nissan,Violet,1.8L Inline-4,1770 cc,85,155,13.8,18000,Petrol,5,130
Nissan,Bluebird Z,2.0L Inline-4,1998 cc,140,190,11,23000,Petrol,5,180
Nissan,Stanza Wagon,2.4L Inline-4,2389 cc,138,160,12,22000,Petrol,7,205
Nissan,180SX,2.0L Turbo Inline-4,1998 cc,205,240,6.8,35000,Petrol,4,275
Nissan,Sunny California,1.6L Inline-4,1597 cc,110,170,11,18000,Petrol,5,140
Nissan,Patrol Warrior,5.6L V8,5552 cc,428,205,6.3,95000,Petrol,7,580
Nissan,Pathfinder Armada Platinum,5.6L V8,5552 cc,400,190,6.8,70000,Petrol,7,560
Nissan,Rogue Sport SL,2.0L Inline-4,1998 cc,141,190,9,32000,Petrol,5,195
Nissan,X-Trail Platinum Edition,1.5L Turbo Hybrid,1497 cc,204,190,8,46000,Hybrid,5,305
Nissan,Qashqai e-Power,1.5L Hybrid,1497 cc,187,200,7.5,40000,Hybrid,5,330
Nissan,GT-R Egoist,3.8L Twin-Turbo V6,3799 cc,565,315,2.8,220000,Petrol,2,637
Nissan,Infiniti M45*,4.5L V8,4494 cc,325,250,5.8,50000,Petrol,5,451
Nissan,Skyline 50th Anniversary,3.0L Twin-Turbo V6,2997 cc,400,250,4.5,75000,Petrol,5,475
Nissan,Patrol Legend Edition,5.6L V8,5552 cc,428,205,6.3,95000,Petrol,7,580
Nissan,Datsun 240Z (Classic),2.4L Inline-6,2393 cc,151,210,8,45000,Petrol,2,198
Nissan,100NX,1.6L Inline-4,1597 cc,110,185,9.6,18000,Petrol,4,135
Nissan,Cedric Special Edition,3.0L V6,2960 cc,250,225,8.5,60000,Petrol,5,330
Nissan,300ZX Turbo,3.0L Twin-Turbo V6,2960 cc,300,250,5.9,55000,Petrol,4,384
Nissan,Silvia S15 Spec-R,2.0L Turbo Inline-4,1998 cc,250,240,5.6,35000,Petrol,4,300
Nissan,NV400,2.3L Inline-4 Diesel,2298 cc,135,150,15,40000,Diesel,3,360
Nissan,Titan Warrior,5.6L V8,5552 cc,400,180,7,55000,Petrol,5,560
Nissan,Caravan Coach,2.5L Inline-4 Diesel,2498 cc,127,140,14,30000,Diesel,7,260
Nissan,Serena e-Power,1.2L Hybrid,1198 cc,134,160,12,35000,Hybrid,7,320
Nissan,Elgrand,3.5L V6,3498 cc,280,200,8.5,50000,Petrol,7,344
Nissan,Datsun 510,1.6L Inline-4,1595 cc,96,175,10.2,25000,Petrol,4,135
Nissan,Prairie,2.0L Inline-4,1998 cc,120,175,11,18000,Petrol,5,170
Nissan,Pulsar GTI-R,2.0L Turbo Inline-4,1998 cc,230,225,6,30000,Petrol,5,280
Nissan,Almera Tino,1.8L Inline-4,1769 cc,114,180,12.5,15000,Petrol,5,160
Nissan,Lucino,1.6L Inline-4,1597 cc,115,185,10.5,12000,Petrol,5,150
Nissan,Rasheen,1.5L Inline-4,1497 cc,105,165,13,10000,Petrol,5,135
Nissan,Mistral,2.7L Turbo Diesel,2663 cc,125,160,12.5,25000,Diesel,7,260
Nissan,Patrol Y60,4.2L Inline-6,4169 cc,155,160,12,45000,Diesel,7,330
Nissan,X-Trail GT,2.0L Turbo Inline-4,1998 cc,280,215,6.4,38000,Petrol,5,310
Nissan,Terrano Regulus,3.3L V6,3275 cc,170,175,10,28000,Petrol,5,290
Nissan,President,4.5L V8,4494 cc,280,210,7.5,70000,Petrol,5,400
Nissan,Cima,4.1L V8,4130 cc,270,210,8,60000,Petrol,5,390
Nissan,Leopard J. Ferie,3.0L V6 Turbo,2960 cc,255,215,6.5,45000,Petrol,5,340
Nissan,Gloria Gran Turismo,3.0L V6 Turbo,2960 cc,255,220,6.5,50000,Petrol,5,340
Nissan,Infiniti Q45*,4.5L V8,4494 cc,340,240,6.2,50000,Petrol,5,450
Nissan,Datsun 240Z,2.4L Inline-6,2393 cc,151,210,8,45000,Petrol,2,198
Nissan,280ZX,2.8L Inline-6,2753 cc,145,205,9.5,35000,Petrol,2,210
Nissan,Silvia S13,1.8L Turbo Inline-4,1809 cc,175,215,6.8,20000,Petrol,4,230
Nissan,200SX,2.0L Turbo Inline-4,1998 cc,200,225,7,25000,Petrol,4,260
Nissan,NX Coupe,1.8L Inline-4,1839 cc,140,200,9,18000,Petrol,4,180
Nissan,NV2500,4.0L V6,3954 cc,261,160,10,36000,Petrol,2,385
Nissan,NV3500,5.6L V8,5552 cc,375,170,9,42000,Petrol,2,525
Nissan,NT400 Cabstar,3.0L Inline-4 Diesel,2953 cc,150,140,15,35000,Diesel,3,350
Porsche,Panamera,2.9L V6 Twin Turbo,2894 cc,330,270,5.6,88000,Petrol,4,450
Porsche,Panamera 4,2.9L V6 Twin Turbo,2894 cc,330,270,5.4,92000,Petrol,4,450
Porsche,Panamera 4S,2.9L V6 Twin Turbo,2894 cc,440,289,4.4,105000,Petrol,4,550
Porsche,Panamera Turbo S,4.0L V8 Twin Turbo,3996 cc,620,315,3.1,180000,Petrol,4,820
Porsche,Panamera GTS,4.0L V8 Twin Turbo,3996 cc,473,300,3.9,130000,Petrol,4,620
Porsche,Panamera Platinum Edition,2.9L V6 Twin Turbo,2894 cc,330,270,5.4,102000,Petrol,4,450
Porsche,Panamera E-Hybrid,2.9L V6 + Electric Motor,17.9 kWh Battery,455,280,4.4,115000,Hybrid,4,700
Porsche,Panamera 4 E-Hybrid Sport Turismo,2.9L V6 + Electric Motor,17.9 kWh Battery,455,280,4.4,120000,Hybrid,4,700
Porsche,Panamera Turbo S E-Hybrid,4.0L V8 + Electric Motor,17.9 kWh Battery,690,315,3.2,190000,Hybrid,4,870
Porsche,Panamera 4 Executive,2.9L V6 Twin Turbo,2894 cc,330,270,5.6,95000,Petrol,4,450
Porsche,Cayenne,3.0L V6 Turbo,2995 cc,335,245,5.9,80000,Petrol,5,450
Porsche,Cayenne Coupe,3.0L V6 Turbo,2995 cc,335,245,6,85000,Petrol,5,450
Porsche,Cayenne S,2.9L V6 Twin Turbo,2894 cc,434,265,5,95000,Petrol,5,550
Porsche,Cayenne Turbo,4.0L V8 Twin Turbo,3996 cc,541,286,4,130000,Petrol,5,770
Porsche,Cayenne GTS,4.0L V8 Twin Turbo,3996 cc,453,270,4.5,110000,Petrol,5,620
Porsche,Cayenne Turbo S E-Hybrid,4.0L V8 + Electric Motor,17.9 kWh Battery,670,295,3.6,170000,Hybrid,5,900
Porsche,Macan,2.0L I4 Turbo,1984 cc,261,232,6.2,60000,Petrol,5,400
Porsche,Macan S,2.9L V6 Twin Turbo,2894 cc,375,259,4.8,75000,Petrol,5,520
Porsche,Macan GTS,2.9L V6 Twin Turbo,2894 cc,434,272,4.5,85000,Petrol,5,550
Porsche,Macan T,2.0L I4 Turbo,1984 cc,261,232,6.2,65000,Petrol,5,400
Porsche,911 Carrera,3.0L Flat-6 Twin Turbo,2981 cc,379,293,4.2,110000,Petrol,4,450
Porsche,911 Carrera S,3.0L Twin-Turbo Flat-6,2981 cc,443,308,3.5,131300,Petrol,4,528
Porsche,911 Carrera 4,3.0L Twin-Turbo Flat-6,2981 cc,379,293,4.2,106500,Petrol,4,450
Porsche,911 Carrera 4S,3.0L Twin-Turbo Flat-6,2981 cc,443,306,3.4,113300,Petrol,4,528
Porsche,911 Targa 4,3.0L Twin-Turbo Flat-6,2981 cc,379,289,4.4,121300,Petrol,4,450
Porsche,911 Turbo,3.8L Twin-Turbo Flat-6,3745 cc,572,320,2.7,197200,Petrol,4,750
Porsche,911 Turbo S,3.8L Twin-Turbo Flat-6,3745 cc,640,330,2.6,230400,Petrol,4,800
Porsche,911 GT3,4.0L Naturally Aspirated Flat-6,3996 cc,502,318,3.4,161100,Petrol,2,469
Porsche,911 GT3 RS,4.0L Naturally Aspirated Flat-6,3996 cc,518,296,3.2,241300,Petrol,2,465
Porsche,911 Dakar,3.0L Twin-Turbo Flat-6,2981 cc,473,240,3.4,222000,Petrol,2,570
Porsche,718 Cayman,2.0L Turbocharged Flat-4,1988 cc,300,275,4.9,63400,Petrol,2,380
Porsche,718 Cayman S,2.5L Turbocharged Flat-4,2497 cc,350,285,4.4,75400,Petrol,2,420
Porsche,718 Cayman GT4,4.0L Naturally Aspirated Flat-6,3995 cc,414,302,4.2,100200,Petrol,2,420
Porsche,718 Cayman GT4 RS,4.0L Naturally Aspirated Flat-6,3996 cc,493,315,3.2,141700,Petrol,2,450
Porsche,718 Boxster,2.0L Turbo Flat-4,1988 cc,300,275,4.9,65500,Petrol,2,380
Porsche,718 Boxster T,2.0L Turbo Flat-4,1988 cc,300,275,4.7,69600,Petrol,2,380
Porsche,718 Boxster GTS,4.0L Naturally Aspirated Flat-6,3995 cc,394,293,4.3,90300,Petrol,2,430
Porsche,718 Spyder,4.0L Naturally Aspirated Flat-6,3995 cc,414,301,4.1,98300,Petrol,2,420
Porsche,Panamera Base,2.9L Twin-Turbo V6,2894 cc,325,265,5.6,92300,Petrol,4,450
Porsche,Panamera 4 E-Hybrid,2.9L Twin-Turbo V6 + Electric Motor,2894 cc,462,280,4.4,113300,Hybrid,4,700
Porsche,Panamera 4 Sport Turismo,2.9L Twin-Turbo V6,2894 cc,325,265,5.5,101400,Petrol,4,450
Porsche,Panamera Turbo S E-Hybrid Sport Turismo,4.0L Twin-Turbo V8 + Electric Motor,3996 cc,690,315,3.2,200200,Hybrid,4,870
Porsche,Panamera 4S E-Hybrid Executive,2.9L Twin-Turbo V6 + Electric Motor,2894 cc,560,295,3.7,128900,Hybrid,4,750
Porsche,Panamera Platinum Edition,2.9L Twin-Turbo V6,2894 cc,325,265,5.6,98300,Petrol,4,450
Porsche,Panamera GTS Sport Turismo,4.0L Twin-Turbo V8,3996 cc,473,300,3.9,136900,Petrol,4,620
Porsche,Panamera Turbo Executive,4.0L Twin-Turbo V8,3996 cc,550,306,3.8,175200,Petrol,4,770
Porsche,Panamera Turbo S Exclusive Series,4.0L Twin-Turbo V8,3996 cc,570,310,3.8,290000,Petrol,4,800
Porsche,Panamera 4S ,2.9L Twin-Turbo V6,2894 cc,443,289,4.1,105000,Petrol,4,550
Porsche,Macan Base,2.0L Turbo Inline-4,1984 cc,265,232,6.4,58000,Petrol,5,400
Porsche,Macan T,2.0L Turbo Inline-4,1984 cc,265,233,6.2,63000,Petrol,5,400
Porsche,Macan S,2.9L Twin-Turbo V6,2894 cc,375,259,4.6,70400,Petrol,5,520
Porsche,Macan GTS,2.9L Twin-Turbo V6,2894 cc,434,272,4.3,82900,Petrol,5,550
Porsche,Cayenne Base,3.0L Turbocharged V6,2995 cc,335,245,5.9,72200,Petrol,5,450
Porsche,Cayenne E-Hybrid,3.0L V6 + Electric Motor,2995 cc,455,253,4.8,91000,Hybrid,5,700
Porsche,Cayenne S Coupe,2.9L Twin-Turbo V6,2894 cc,434,263,4.7,94300,Petrol,4,550
Porsche,Cayenne Turbo GT,4.0L Twin-Turbo V8,3996 cc,631,300,3.3,182150,Petrol,4,850
Porsche,Cayenne Platinum Edition,3.0L Turbocharged V6,2995 cc,335,245,5.8,79000,Petrol,5,450
Porsche,Cayenne Turbo S E-Hybrid Coupe,4.0L Twin-Turbo V8 + Electric Motor,3996 cc,670,295,3.6,167800,Hybrid,4,900
Porsche,Cayenne GTS Coupe,4.0L Twin-Turbo V8,3996 cc,453,270,4.5,111200,Petrol,4,620
Porsche,Cayenne Diesel (Regional Markets),3.0L Turbo Diesel V6,2967 cc,262,221,7.3,69000,Diesel,5,580
Porsche,Cayenne S Hybrid,3.0L V6 + Electric Motor,2995 cc,380,242,6.5,85500,Hybrid,5,580
Porsche,Cayenne Coupe Turbo E-Hybrid,4.0L Twin-Turbo V8 + Electric Motor,3996 cc,728,295,3.6,182900,Hybrid,4,950
Cadillac,CT4,2.0L Turbo Inline-4 Gasoline,2000 cc,237,250,6,34395,Petrol,5,350
Cadillac,CT4-V,2.7L Turbo Inline-4 Gasoline,2700 cc,325,260,4.9,46595,Petrol,5,500
Cadillac,CT5,2.0L Turbo Inline-4 Gasoline,2000 cc,237,240,6.6,38195,Petrol,5,350
Cadillac,CT5-V,3.0L Twin-Turbo V6 Gasoline,3000 cc,360,250,4.6,50995,Petrol,5,550
Porsche,911 Carrera Base,3.0L Twin-Turbo Flat-6,2981 cc,379,293,4.2,106100,Petrol,4,450
Porsche,911 Carrera S Cabriolet,3.0L Twin-Turbo Flat-6,2981 cc,443,304,3.9,129900,Petrol,4,530
Porsche,911 Carrera 4,3.0L Twin-Turbo Flat-6,2981 cc,379,293,4.4,113300,Petrol,4,450
Porsche,911 Carrera 4 GTS,3.0L Twin-Turbo Flat-6,2981 cc,473,311,3.3,137000,Petrol,4,570
Porsche,911 Targa 4 GTS,3.0L Twin-Turbo Flat-6,2981 cc,473,307,3.5,157300,Petrol,4,570
Porsche,911 Turbo Cabriolet,3.8L Twin-Turbo Flat-6,3745 cc,572,320,2.9,184100,Petrol,4,750
Porsche,911 Turbo S Coupe,3.8L Twin-Turbo Flat-6,3745 cc,640,330,2.7,207000,Petrol,4,800
Porsche,911 GT3 Touring,4.0L Naturally Aspirated Flat-6,3996 cc,502,318,3.9,170000,Petrol,2,470
Porsche,911 GT3 RS Clubsport,4.0L Naturally Aspirated Flat-6,3996 cc,525,296,3.2,223800,Petrol,2,465
Porsche,911 Dakar Limited Edition,3.0L Twin-Turbo Flat-6,2981 cc,473,240,3.4,222000,Petrol,4,570
Porsche,911 Carrera GTS Lightweight,3.0L Twin-Turbo Flat-6,2981 cc,473,311,3.2,145300,Petrol,4,570
Porsche,911 Targa 4 Lightweight,3.0L Twin-Turbo Flat-6,2981 cc,379,289,4.3,135500,Petrol,4,450
Porsche,911 Turbo Exclusive Series,3.8L Twin-Turbo Flat-6,3745 cc,607,330,2.9,258000,Petrol,4,750
Porsche,911 GT2 RS,3.8L Twin-Turbo Flat-6,3745 cc,700,340,2.8,293200,Petrol,2,750
Porsche,911 GT3 Cup,4.0L Naturally Aspirated Flat-6,3996 cc,510,290,3.4,245000,Petrol,1,470
Porsche,911 GT4 RS,4.0L Naturally Aspirated Flat-6,3996 cc,500,315,3.4,222000,Petrol,2,450
Porsche,911 RSR (Motorsport Edition),4.2L Naturally Aspirated Flat-6,4194 cc,515,296,3.1,750000,Petrol,1,480
Porsche,911 Sport Turismo,3.0L Twin-Turbo Flat-6,2981 cc,379,293,4.4,116000,Petrol,4,450
Porsche,911 Turbo Cabriolet Lightweight,3.8L Twin-Turbo Flat-6,3745 cc,572,318,3,191300,Petrol,4,750
Porsche,911 Dakar Sport,3.0L Twin-Turbo Flat-6,2981 cc,473,240,3.5,233000,Petrol,4,570
Tata Motors,Tiago,1.2L Revotron 3-cylinder Petrol,1199 cc,86,170,13,8200,Petrol,5,113
Tata Motors,Altroz DCA,1.2L Revotron 3-cylinder Petrol,1199 cc,86,170,12.5,11300,Petrol,5,113
Tata Motors,Altroz iTurbo,1.2L Turbocharged Petrol,1199 cc,110,180,10,12000,Petrol,5,140
Tata Motors,Altroz CNG,1.2L Revotron Bi-Fuel,1199 cc,86,165,12,11800,CNG,5,113
Tata Motors,Tiago NRG,1.2L Revotron 3-cylinder Petrol,1199 cc,86,170,13.5,9200,Petrol,5,113
Tata Motors,Nano GenX,624cc MPFI,624 cc,37,105,29,4000,Petrol,4,51
Tata Motors,Indica eV2,1.4L CR4 Diesel,1396 cc,70,155,16,6200,Diesel,5,140
Tata Motors,Indica V2 Xeta,1.2L MPFI Petrol,1193 cc,65,140,16,5000,Petrol,5,100
Tata Motors,Tigor,1.2L Revotron 3-cylinder Petrol,1199 cc,86,170,13,9400,Petrol,5,113
Tata Motors,Indigo eCS,1.4L CR4 Diesel,1396 cc,70,155,16.5,6500,Diesel,5,140
Cadillac,Escalade,6.2L V8 Gasoline,6200 cc,420,210,6.8,79295,Petrol,7,624
Tata Motors,Indigo LX,1.4L CR4 Diesel,1396 cc,70,150,17,7000,Diesel,5,140
Tata Motors,Indigo GLX,1.4L MPFI Petrol,1396 cc,85,160,15,7200,Petrol,5,115
Cadillac,Escalade ESV,6.2L V8 Gasoline,6200 cc,420,205,6.9,82295,Petrol,7,624
Tata Motors,Harrier,2.0L Kryotec Turbocharged Diesel,1956 cc,168,180,11,23000,Diesel,5,350
Tata Motors,Safari,2.0L Kryotec Turbocharged Diesel,1956 cc,168,180,11,25500,Diesel,7,350
Tata Motors,Punch,1.2L Revotron Petrol,1199 cc,86,160,16,10500,Petrol,5,113
Tata Motors,Hexa,2.2L Varicor Diesel,2179 cc,154,180,12,20000,Diesel,7,400
Tata Motors,Aria,2.2L Dicor Diesel,2179 cc,138,162,13,19000,Diesel,7,320
Tata Motors,Sumo Gold,3.0L CR4 Diesel,2956 cc,85,125,17.6,15000,Diesel,7,250
Tata Motors,Sumo Grande,2.2L Dicor Diesel,2179 cc,118,140,15,16500,Diesel,7,250
Jeep,Wrangler,3.6L V6 Pentastar Gasoline,3600 cc,285,180,6.8,35195,Petrol,4,353
Jeep,Wrangler Rubicon,2.0L Turbo I4 Gasoline,2000 cc,270,180,7.1,42100,Petrol,4,400
Jeep,Grand Cherokee,3.6L V6 Pentastar Gasoline,3600 cc,293,209,7,41530,Petrol,5,352
Jeep,Grand Cherokee L,3.6L V6 Pentastar Gasoline,3600 cc,293,209,7.2,43530,Petrol,7,352
Jeep,Cherokee,2.4L I4 Tigershark Gasoline,2400 cc,180,195,8.5,37695,Petrol,5,230
Jeep,Compass,2.0L Turbo Gasoline,2000 cc,200,200,7.8,31590,Petrol,5,320
Jeep,Renegade,1.3L Turbo I4 Gasoline,1300 cc,177,200,8.7,28345,Petrol,5,285
Jeep,Gladiator,3.6L V6 Pentastar Gasoline,3600 cc,285,177,8.1,38775,Petrol,5,353
Jeep,Wagoneer,5.7L V8 Gasoline with eTorque,5700 cc,392,190,7.4,63595,Petrol,8,548
Jeep,Grand Wagoneer,6.4L V8 Gasoline,6400 cc,471,190,6,91495,Petrol,8,617
Jeep,Grand Cherokee 4xe,2.0L Turbo PHEV,17.3 kWh,375,210,6,59865,Hybrid,5,637
Jeep,Wrangler 4xe,2.0L Turbo PHEV,17.3 kWh,375,180,6.4,50695,Hybrid,5,637
Jeep,Compass 4xe,1.3L Turbo PHEV,11.4 kWh,240,200,7.3,46500,Hybrid,5,270
Jeep,Renegade 4xe,1.3L Turbo PHEV,11.4 kWh,240,200,7.5,44500,Hybrid,5,270
Mazda,Mazda2,1.5L 4-Cylinder,"1,500 cc",108,180,10.2,18500,Petrol,5,142
Jeep,Gladiator Mojave Edition,3.6L V6 Pentastar Gasoline,3600 cc,285,177,8.6,51570,Petrol,5,353
Jeep,Grand Cherokee Summit Reserve,5.7L V8 Gasoline,5700 cc,357,190,7.3,66575,Petrol,5,529
Jeep,Jeep Cherokee X Edition,3.2L V6 Pentastar Gasoline,3200 cc,271,195,7.6,41295,Petrol,5,324
Jeep,Wrangler 392,6.4L V8 HEMI Gasoline,6400 cc,470,160,4.5,82495,Petrol,4,637
Cadillac,XT4,2.0L Turbo Inline-4 Gasoline,2000 cc,235,220,7.6,37490,Petrol,5,350
Cadillac,XT5,3.6L V6 Gasoline,3600 cc,310,210,6.5,44195,Petrol,5,366
Cadillac,XT6,3.6L V6 Gasoline,3600 cc,310,210,6.9,48595,Petrol,7,366
Cadillac,Escalade V,6.2L Supercharged V8 Gasoline,6200 cc,682,200,4.4,149990,Petrol,7,885
Cadillac,Escalade Platinum,6.2L V8 Gasoline,6200 cc,420,210,6.8,104595,Petrol,7,624
Cadillac,CT5-V Blackwing,6.2L Supercharged V8 Gasoline,6200 cc,668,320,3.4,92000,Petrol,5,893
Cadillac,CT4-V Blackwing,3.6L Twin-Turbo V6 Gasoline,3600 cc,472,290,3.9,60495,Petrol,5,603
Cadillac,XT4 Sport,2.0L Turbo Inline-4 Gasoline,2000 cc,235,220,7.4,41390,Petrol,5,350
Cadillac,XT5 Sport,3.6L V6 Gasoline,3600 cc,310,210,6.5,51095,Petrol,5,366
Cadillac,XT6 Sport,3.6L V6 Gasoline,3600 cc,310,210,6.9,57095,Petrol,7,366
Cadillac,CT5 Premium Luxury,2.0L Turbo Inline-4 Gasoline,2000 cc,237,240,6.8,41290,Petrol,5,350
Chevrolet,Spark,1.4L Inline-4 Gasoline,1400 cc,98,180,10.7,14595,Petrol,5,127
Chevrolet,Sonic,1.4L Turbo Inline-4 Gasoline,1400 cc,138,190,8.5,16720,Petrol,5,200
Chevrolet,Malibu,1.5L Turbo Inline-4 Gasoline,1500 cc,160,210,8,25000,Petrol,5,250
Chevrolet,Camaro,2.0L Turbo Inline-4 Gasoline,2000 cc,275,240,5.4,26400,Petrol,4,400
Chevrolet,Corvette,6.2L V8 Gasoline,6200 cc,495,312,3,65895,Petrol,2,637
Chevrolet,Traverse,3.6L V6 Gasoline,3600 cc,310,210,7,35915,Petrol,7,360
Chevrolet,Equinox,1.5L Turbo Inline-4 Gasoline,1500 cc,170,200,8.9,26600,Petrol,5,275
Chevrolet,Blazer,3.6L V6 Gasoline,3600 cc,308,220,6.6,44000,Petrol,5,366
Chevrolet,Tahoe,5.3L V8 Gasoline,5300 cc,355,200,7.5,56995,Petrol,7,519
Chevrolet,Suburban,5.3L V8 Gasoline,5300 cc,355,190,7.6,59900,Petrol,8,519
Chevrolet,Colorado,2.7L Turbo Inline-4 Gasoline,2700 cc,310,190,6.8,30695,Petrol,5,583
Chevrolet,Silverado 1500,5.3L V8 Gasoline,5300 cc,355,180,7,42795,Petrol,6,519
Chevrolet,Silverado 2500HD,6.6L V8 Gasoline,6600 cc,401,170,8,41500,Petrol,6,629
Chevrolet,Silverado 3500HD,6.6L V8 Diesel,6600 cc,445,160,8.5,45500,Diesel,6,1234
Chevrolet,Trailblazer,1.3L Turbo Inline-3 Gasoline,1300 cc,155,200,9.4,23100,Petrol,5,236
Chevrolet,Malibu Premier,2.0L Turbo Inline-4 Gasoline,2000 cc,250,240,5.8,33500,Petrol,5,353
Chevrolet,Camaro ZL1,6.2L Supercharged V8 Gasoline,6200 cc,650,318,3.5,67300,Petrol,4,881
Chevrolet,Corvette Stingray,6.2L V8 Gasoline,6200 cc,495,312,3,65895,Petrol,2,637
Chevrolet,Silverado 1500 High Country,5.3L V8 Gasoline,5300 cc,355,180,7,61595,Petrol,6,519
Chevrolet,Silverado 1500 Trail Boss,5.3L V8 Gasoline,5300 cc,355,180,7,55895,Petrol,6,519
Chevrolet,Silverado 1500 RST,5.3L V8 Gasoline,5300 cc,355,180,7.1,50895,Petrol,6,519
Chevrolet,Colorado ZR2,2.8L Turbo Diesel I4,2800 cc,181,160,9.1,48295,Diesel,5,500
Chevrolet,Traverse Premier,3.6L V6 Gasoline,3600 cc,310,210,7,46600,Petrol,7,360
Chevrolet,Equinox Premier,1.5L Turbo Inline-4 Gasoline,1500 cc,170,200,8.8,33400,Petrol,5,275
Chevrolet,Blazer RS,3.6L V6 Gasoline,3600 cc,308,220,6.6,48900,Petrol,5,366
Chevrolet,Camaro SS,6.2L V8 Gasoline,6200 cc,455,290,4.3,43500,Petrol,4,617
Chevrolet,Corvette Grand Sport,6.2L V8 Gasoline,6200 cc,460,290,3.9,65900,Petrol,2,630
Chevrolet,Traverse RS,3.6L V6 Gasoline,3600 cc,310,210,7,43700,Petrol,7,360
Chevrolet,Blazer Premier,3.6L V6 Gasoline,3600 cc,308,220,6.6,45000,Petrol,5,366
Chevrolet,Malibu LT,1.5L Turbo Inline-4 Gasoline,1500 cc,160,210,8.5,25800,Petrol,5,250
Chevrolet,Spark Activ,1.4L Inline-4 Gasoline,1400 cc,98,180,11,17595,Petrol,5,127
Chevrolet,Trax LT,1.2L Turbo Inline-3 Gasoline,1200 cc,137,200,9.2,24100,Petrol,5,220
Chevrolet,Equinox LT,1.5L Turbo Inline-4 Gasoline,1500 cc,170,200,8.9,28400,Petrol,5,275
Chevrolet,Silverado 3500HD High Country,6.6L V8 Diesel,6600 cc,445,160,8.5,75700,Diesel,6,1234
Chevrolet,Colorado WT,2.7L Turbo Inline-4 Gasoline,2700 cc,310,190,6.9,29200,Petrol,5,583
Chevrolet,Suburban High Country,6.2L V8 Gasoline,6200 cc,420,200,7,82400,Petrol,8,624
Chevrolet,Silverado Custom,4.3L V6 Gasoline,4300 cc,285,180,8.5,33900,Petrol,6,413
Chevrolet,Spark LS,1.4L Inline-4 Gasoline,1400 cc,98,180,10.9,14395,Petrol,5,127
Chevrolet,Traverse LT,3.6L V6 Gasoline,3600 cc,310,210,7.1,37200,Petrol,7,360
Chevrolet,Blazer LT,2.5L Inline-4 Gasoline,2500 cc,193,200,9,36100,Petrol,5,255
Chevrolet,Malibu Premier,2.0L Turbo Inline-4 Gasoline,2000 cc,250,240,5.8,34500,Petrol,5,353
Chevrolet,Equinox RS,1.5L Turbo Inline-4 Gasoline,1500 cc,170,200,8.8,31900,Petrol,5,275
Chevrolet,Silverado 1500 Custom,4.3L V6 Gasoline,4300 cc,285,180,8.6,34900,Petrol,6,413
Chevrolet,Silverado 2500HD LTZ,6.6L V8 Diesel,6600 cc,445,160,8.4,56400,Diesel,6,1234
Chevrolet,Tahoe RST,5.3L V8 Gasoline,5300 cc,355,180,7.4,64100,Petrol,7,519
Chevrolet,Suburban LT,5.3L V8 Gasoline,5300 cc,355,180,5.1,64400,Petrol,8,519
Chevrolet,Tahoe LS,5.3L V8 Gasoline,5300 cc,355,180,7.5,56995,Petrol,8,519
Chevrolet,Tahoe LT,5.3L V8 Gasoline,5300 cc,355,180,7.4,62495,Petrol,8,519
Chevrolet,Tahoe RST,5.3L V8 Gasoline,5300 cc,355,180,7.4,64100,Petrol,7,519
Chevrolet,Tahoe Z71,5.3L V8 Gasoline,5300 cc,355,180,7.6,66700,Petrol,7,519
Chevrolet,Tahoe Premier,6.2L V8 Gasoline,6200 cc,420,200,6.8,71600,Petrol,7,624
Chevrolet,Tahoe High Country,6.2L V8 Gasoline,6200 cc,420,200,6.7,76700,Petrol,7,624
Chevrolet,Tahoe Midnight Edition,5.3L V8 Gasoline,5300 cc,355,180,7.5,65500,Petrol,8,519
Chevrolet,Tahoe Sport Edition,6.2L V8 Gasoline,6200 cc,420,200,6.8,70000,Petrol,7,624
GMC,Terrain,1.5L Turbo 4-cylinder,1500 cc,175,190,9.5,29900,Petrol,5,275
GMC,Acadia,2.0L Turbo 4-cylinder,2000 cc,228,200,7.8,36800,Petrol,7,350
GMC,Yukon,5.3L V8 Gasoline,5300 cc,355,180,7.4,57400,Petrol,8,519
GMC,Yukon XL,6.2L V8 Gasoline,6200 cc,420,200,6.9,61100,Petrol,8,624
GMC,Canyon,2.7L Turbo 4-cylinder,2700 cc,310,190,7.6,36900,Petrol,5,583
GMC,Sierra 1500,5.3L V8 Gasoline,5300 cc,355,180,7.3,37100,Petrol,6,519
GMC,Sierra 2500HD,6.6L V8 Diesel,6600 cc,401,175,7.5,43900,Diesel,6,629
GMC,Sierra 3500HD,6.6L V8 Diesel,6600 cc,445,175,7.4,49000,Diesel,6,1234
GMC,Yukon Denali,6.2L V8 Gasoline,6200 cc,420,200,6.8,72800,Petrol,8,624
GMC,Sierra Denali,6.2L V8 Gasoline,6200 cc,420,190,6.7,66800,Petrol,6,624
GMC,Terrain AT4,1.5L Turbo 4-cylinder,1500 cc,175,190,9.6,36500,Petrol,5,275
GMC,Acadia AT4,3.6L V6 Gasoline,3600 cc,310,210,7.6,41400,Petrol,6,366
GMC,Sierra 1500 AT4,5.3L V8 Gasoline,5300 cc,355,180,7.4,53800,Petrol,6,519
GMC,Sierra 2500HD Denali,6.6L V8 Diesel,6600 cc,401,175,7.5,72200,Diesel,6,1234
GMC,Sierra Elevation,2.7L Turbo 4-cylinder,2700 cc,310,190,7.6,45000,Petrol,5,583
GMC,Canyon AT4,2.7L Turbo 4-cylinder,2700 cc,310,190,7.5,43900,Petrol,5,583
GMC,Canyon Denali,2.7L Turbo 4-cylinder,2700 cc,310,190,7.5,48000,Petrol,5,583
GMC,Yukon XL Denali Ultimate,6.2L V8 Gasoline,6200 cc,420,200,6.7,93800,Petrol,8,624
GMC,Terrain Denali,1.5L Turbo 4-cylinder,1500 cc,175,190,9.5,38600,Petrol,5,275
GMC,Acadia Denali,3.6L V6 engine,"3,564 cc",310,210,6.5,54300,Petrol,7,366
GMC,Yukon AT4,5.3L V8 engine,"5,327 cc",355,210,7.1,71505,Petrol,8,519
GMC,Yukon XL AT4,5.3L V8 engine,"5,327 cc",355,210,7.3,73305,Petrol,8,519
GMC,Sierra 1500 Elevation,2.7L Turbo engine,"2,713 cc",310,180,7,52000,Petrol,5,569
GMC,Sierra 1500 SLT,5.3L V8 engine,"5,327 cc",355,180,6.8,56000,Petrol,5,519
GMC,Sierra 2500HD AT4,6.6L V8 engine,"6,600 cc",401,170,7.5,70000,Petrol,5,629
GMC,Sierra 3500HD AT4,6.6L V8 engine,"6,600 cc",401,170,7.7,72000,Petrol,5,629
GMC,Canyon Elevation,2.5L I4 engine,"2,488 cc",200,175,8.5,36300,Petrol,5,259
GMC,Canyon Denali Black Edition,3.6L V6 engine,"3,564 cc",308,180,6.9,44000,Petrol,5,373
GMC,Sierra 1500 Denali Ultimate,6.2L V8 engine,"6,162 cc",420,200,5.8,80000,Petrol,5,624
GMC,Yukon XL Denali Reserve,6.2L V8 engine,"6,162 cc",420,210,6,82000,Petrol,7,624
GMC,Terrain Elevation Edition,1.5L Turbocharged I4 engine,"1,490 cc",170,200,9.3,28700,Petrol,5,275
GMC,Acadia Black Edition,3.6L V6 engine,"3,564 cc",310,210,6.5,45000,Petrol,7,366
GMC,Sierra Denali CarbonPro,6.2L V8 engine,"6,162 cc",420,200,5.8,65000,Petrol,5,624
GMC,Yukon Denali Performance,6.2L V8 engine,"6,162 cc",420,210,6,76805,Petrol,8,624
GMC,Sierra 2500HD Denali Black Edition,6.6L V8 engine,"6,600 cc",401,170,7.5,75000,Petrol,5,629
GMC,Canyon AT4X,3.6L V6 engine,"3,564 cc",308,180,6.9,50000,Petrol,5,373
GMC,Yukon XL SLT,5.3L V8 engine,"5,327 cc",355,210,7.3,65000,Petrol,8,519
GMC,Sierra 1500 Pro,4.3L V6 engine,"4,300 cc",285,180,7.5,37700,Petrol,3,413
GMC,Sierra 2500HD Pro,6.6L V8 engine,"6,600 cc",401,170,7.7,60000,Petrol,3,629
GMC,Sierra 3500HD Pro,6.6L V8 engine,"6,600 cc",401,170,7.8,62000,Petrol,3,629
GMC,Terrain SLT,1.5L Turbocharged I4 engine,"1,490 cc",170,200,9.4,31000,Petrol,5,275
GMC,Acadia SLE,3.6L V6 engine,"3,564 cc",310,210,6.6,40000,Petrol,7,366
GMC,Canyon SLT,2.5L I4 engine,"2,488 cc",200,175,8.6,38000,Petrol,5,259
GMC,Yukon XL Elevation,5.3L V8 engine,"5,327 cc",355,210,7.4,75000,Petrol,8,519
GMC,Sierra 1500 AT4X,6.2L V8 engine,"6,162 cc",420,200,5.9,82000,Petrol,5,624
GMC,Canyon AT4X Edition 1,3.6L V6 engine,"3,564 cc",308,180,6.8,55000,Petrol,5,373
GMC,Yukon Denali Ultimate Black,6.2L V8 engine,"6,162 cc",420,210,6,90000,Petrol,8,624
GMC,Sierra HD Denali Reserve,6.6L V8 engine,"6,600 cc",401,170,7.5,85000,Petrol,5,629
GMC,Acadia Denali Ultimate,3.6L V6 engine,"3,564 cc",310,210,6.5,60000,Petrol,7,366
GMC,Terrain All-Terrain Edition,1.5L Turbocharged I4 engine,"1,490 cc",170,200,9.3,35000,Petrol,5,275
GMC,Yukon Trailering Edition,5.3L V8 engine,"5,327 cc",355,210,7.5,78000,Petrol,8,519
Kia,Rio,1.6L 4-Cylinder,1591 cc,120,180,10.3,17000,Petrol,5,151
Kia,Rio 5-Door,1.6L 4-Cylinder,1591 cc,120,180,10.3,18000,Petrol,5,151
Kia,Seltos Nightfall Edition,1.6L Turbocharged 4-Cylinder,1591 cc,175,210,7.5,28000,Petrol,5,264
Kia,Sorento X-Line,2.5L Turbocharged 4-Cylinder,2500 cc,277,220,7,42000,Petrol,7,421
Kia,Telluride SX,3.8L V6,3778 cc,291,240,7,50000,Petrol,7,355
Kia,Forte LXS,2.0L 4-Cylinder,1999 cc,147,190,9.2,19000,Petrol,5,179
Kia,K5 EX,1.6L Turbocharged 4-Cylinder,1591 cc,180,220,7.8,28500,Petrol,5,264
Kia,Niro Plug-In Hybrid,1.6L 4-Cylinder Hybrid,1591 cc,139,180,10.5,33000,Hybrid,5,265
Kia,Soul Turbo,1.6L Turbocharged 4-Cylinder,1591 cc,201,200,6.5,28000,Petrol,5,264
Kia,Seltos SX,1.6L Turbocharged 4-Cylinder,1591 cc,175,210,7.5,28500,Petrol,5,264
Kia,Stinger Scorpion Edition,2.5L Turbocharged 4-Cylinder,2500 cc,300,270,5,55000,Petrol,5,422
Kia,Sorento Hybrid SX Prestige,1.6L Hybrid Turbocharged 4-Cylinder,1591 cc,227,200,7.9,47000,Hybrid,7,352
Kia,Carnival EX,3.5L V6,3500 cc,290,220,8,42500,Petrol,8,355
Kia,Telluride Nightfall Edition,3.8L V6,3778 cc,291,240,7,51000,Petrol,7,355
Kia,Niro Touring,1.6L 4-Cylinder Hybrid,1591 cc,139,180,10.5,33000,Hybrid,5,265
Kia,Forte GT-Line,1.6L Turbocharged 4-Cylinder,1591 cc,201,200,6.5,25000,Petrol,5,264
Kia,Seltos EX,2.0L 4-Cylinder,1999 cc,146,190,9,23500,Petrol,5,179
Kia,Sorento LX,2.5L 4-Cylinder,2500 cc,191,210,8.5,35500,Petrol,7,246
Kia,Telluride EX,3.8L V6,3778 cc,291,240,7,44000,Petrol,7,355
Kia,Soul EX,2.0L 4-Cylinder,1999 cc,147,190,9.5,22000,Petrol,5,179
Kia,Forte FE,2.0L 4-Cylinder,1999 cc,147,190,9.2,18500,Petrol,5,179
Kia,K5 GT-Line,1.6L Turbocharged 4-Cylinder,1591 cc,180,220,7.8,29000,Petrol,5,264
Kia,Carnival LXS,3.5L V6,3500 cc,290,220,8,39500,Petrol,8,355
Kia,Niro EX,1.6L 4-Cylinder Hybrid,1591 cc,139,180,10.5,30000,Hybrid,5,265
Kia,Stinger GT,3.3L Turbocharged V6,3300 cc,365,270,4.7,51500,Petrol,5,510
Kia,Sorento SX Prestige,2.5L Hybrid Turbocharged 4-Cylinder,1591 cc,227,200,7.9,48000,Hybrid,7,352
Kia,Telluride SX Prestige,3.8L V6,3778 cc,291,240,7,52000,Petrol,7,355
Kia,Niro SX Touring,1.6L 4-Cylinder Hybrid,1591 cc,139,180,10.5,34500,Hybrid,5,265
Kia,Carnival SX Prestige,3.5L V6,3500 cc,290,220,8,47000,Petrol,8,355
Kia,Seltos SX Turbo,1.6L Turbocharged 4-Cylinder,1591 cc,175,210,7.5,32000,Petrol,5,264
Kia,Forte EX Premium,2.0L 4-Cylinder,1999 cc,147,190,9.2,22500,Petrol,5,179
Kia,Soul EX Designer Edition,2.0L 4-Cylinder,1999 cc,147,190,9.5,23500,Petrol,5,179
Kia,Rio S,1.6L 4-Cylinder,1591 cc,120,180,10.3,17500,Petrol,5,151
Kia,Rio 5-Door S,1.6L 4-Cylinder,1591 cc,120,180,10.3,18000,Petrol,5,151
Kia,Soul S,2.0L 4-Cylinder,1999 cc,147,190,9.5,20500,Petrol,5,179
Kia,Seltos LX,2.0L 4-Cylinder,1999 cc,146,190,9.2,23000,Petrol,5,179
Kia,Sorento Hybrid EX,1.6L Hybrid Turbocharged 4-Cylinder,1591 cc,227,200,7.9,47000,Hybrid,7,352
Kia,Telluride LX,3.8L V6,3778 cc,291,240,7,41500,Petrol,7,355
Kia,Carnival MPV EX,3.5L V6,3500 cc,290,220,8,43500,Petrol,8,355
Kia,Forte GT Turbo,1.6L Turbocharged 4-Cylinder,1591 cc,201,200,6.5,25500,Petrol,5,264
Kia,Soul GT Designer Edition,2.0L 4-Cylinder,1999 cc,147,190,9.5,23000,Petrol,5,179
Kia,Seltos X-Line Turbo,1.6L Turbocharged 4-Cylinder,1591 cc,175,210,7.5,30000,Petrol,5,264
Kia,Telluride Limited Edition,3.8L V6,3778 cc,291,240,7,53000,Petrol,7,355
Kia,Stinger GT-Line,2.5L Turbocharged 4-Cylinder,2500 cc,300,270,5,50000,Petrol,5,422
Kia,Carnival Special Edition,3.5L V6,3500 cc,290,220,8,45500,Petrol,8,355
Kia,Niro SX Hybrid,1.6L Hybrid Turbocharged 4-Cylinder,1591 cc,139,180,10.5,36000,Hybrid,5,265
Kia,Sorento X-Pro Hybrid,1.6L Hybrid Turbocharged 4-Cylinder,1591 cc,227,200,7.8,49000,Hybrid,7,352
Kia,Forte Limited Edition,2.0L 4-Cylinder,1999 cc,147,190,9.2,22500,Petrol,5,179
Bugatti,Chiron,8.0L Quad-Turbo W16,7993 cc,1500,420,2.5,3000000,Petrol,2,1600
Bugatti,Chiron Pur Sport,8.0L Quad-Turbo W16,7993 cc,1500,350,2.3,3300000,Petrol,2,1600
Bugatti,Chiron Super Sport,8.0L Quad-Turbo W16,7993 cc,1600,490,2.4,3500000,Petrol,2,1600
Bugatti,Chiron Sport,8.0L Quad-Turbo W16,7993 cc,1500,420,2.4,3300000,Petrol,2,1600
Bugatti,Chiron Noire,8.0L Quad-Turbo W16,7993 cc,1500,420,2.5,3300000,Petrol,2,1600
Bugatti,Divo,8.0L Quad-Turbo W16,7993 cc,1500,380,2.4,5800000,Petrol,2,1600
Bugatti,Centodieci,8.0L Quad-Turbo W16,7993 cc,1600,380,2.4,9000000,Petrol,2,1600
Bugatti,La Voiture Noire,8.0L Quad-Turbo W16,7993 cc,1500,420,2.5,18000000,Petrol,2,1600
Bugatti,Bolide,8.0L Quad-Turbo W16,7993 cc,1850,500,2.2,4500000,Petrol,2,1600
Bugatti,Mistral,8.0L Quad-Turbo W16,7993 cc,1600,420,2.4,5000000,Petrol,2,1600
Volvo,Volvo FH,13.0L I6 Turbo Diesel,13000 cc,540,120,15,120000,Diesel,2,2600
Volvo,Volvo FH16,16.1L I6 Turbo Diesel,16100 cc,750,120,14.5,160000,Diesel,2,3500
Volvo,Volvo FM,12.8L I6 Turbo Diesel,12800 cc,460,110,16,100000,Diesel,2,2200
Volvo,Volvo FMX,13.0L I6 Turbo Diesel,13000 cc,500,110,16.5,110000,Diesel,2,2500
Volvo,Volvo VNL,12.8L I6 Turbo Diesel,12800 cc,500,120,15,125000,Diesel,2,2400
Volvo,Volvo VNR,12.8L I6 Turbo Diesel,12800 cc,400,110,17,95000,Diesel,2,1800
Volvo,Volvo VHD,12.8L I6 Turbo Diesel,12800 cc,500,100,18,120000,Diesel,2,2500
Volvo,Volvo FE,7.7L I6 Turbo Diesel,7700 cc,280,90,20,85000,Diesel,2,1200
Volvo,Volvo FL,5.1L I4 Turbo Diesel,5100 cc,180,80,22,75000,Diesel,2,800
Jaguar Land Rover,Jaguar F-Type,V6 / V8 Petrol,2995 cc,335,260,5.1,70000,Petrol,2,450
Jaguar Land Rover,Jaguar XE,I4 Petrol,1999 cc,250,250,6.5,45000,Petrol,5,365
Jaguar Land Rover,Jaguar XF,I4 Petrol,1999 cc,250,250,6.5,50000,Petrol,5,365
Jaguar Land Rover,Jaguar XJ,V6 Petrol,2995 cc,300,250,6,85000,Petrol,5,400
Jaguar Land Rover,Jaguar E-PACE,I4 Petrol,1999 cc,200,230,7,50000,Petrol,5,430
Jaguar Land Rover,Jaguar X-TYPE,I4 Petrol,1998 cc,160,215,9,40000,Petrol,5,215
Jaguar Land Rover,Jaguar XE R-Dynamic,I4 Petrol,1999 cc,340,250,5.4,60000,Petrol,5,450
Jaguar Land Rover,Jaguar F-Type SVR,V8 Petrol,5000 cc,575,320,3.7,120000,Petrol,2,700
Jaguar Land Rover,Jaguar F-PACE SVR,V8 Petrol,5000 cc,550,283,4,85000,Petrol,5,700
Jaguar Land Rover,Jaguar XE S,I4 Petrol,1999 cc,340,250,5.3,55000,Petrol,5,450
Jaguar Land Rover,Jaguar XJ LWB (Long Wheelbase),V6 Petrol,2995 cc,300,250,6,90000,Petrol,5,400
Jaguar Land Rover,Jaguar F-Type Heritage Edition,V8 Petrol,5000 cc,550,300,3.9,110000,Petrol,2,680
Jaguar Land Rover,Jaguar E-PACE S,I4 Petrol,1999 cc,200,230,7,50000,Petrol,5,430
Jaguar Land Rover,Jaguar F-Type V8 R,V8 Petrol,5000 cc,550,300,3.9,100000,Petrol,2,680
Jaguar Land Rover,Jaguar XE P300 R-Dynamic,I4 Petrol,1999 cc,300,250,5.5,55000,Petrol,5,400
Jaguar Land Rover,Jaguar F-PACE S 30t AWD,I4 Petrol,1999 cc,247,225,6.4,60000,Petrol,5,365
Jaguar Land Rover,Jaguar E-PACE R-Dynamic,I4 Petrol,1999 cc,246,230,6.8,55000,Petrol,5,430
Jaguar Land Rover,Jaguar XJ50,V6 Petrol,2995 cc,300,250,6,80000,Petrol,5,400
Jaguar Land Rover,Jaguar F-Type 75th Anniversary Edition,V8 Petrol,5000 cc,550,300,3.9,100000,Petrol,2,680
Jaguar Land Rover,Jaguar XE SE,I4 Petrol,1999 cc,250,240,6.2,50000,Petrol,5,365
Jaguar Land Rover,Jaguar F-Type V6 S Convertible,V6 Petrol,2995 cc,380,280,4.8,80000,Petrol,2,460
Jaguar Land Rover,Jaguar F-Type Coupe R,V8 Petrol,5000 cc,550,300,3.9,100000,Petrol,2,680
Jaguar Land Rover,Jaguar XJ Supercharged,V8 Petrol,5000 cc,510,280,4.2,90000,Petrol,5,625
Jaguar Land Rover,Jaguar F-Type P450 AWD,V8 Petrol,5000 cc,450,290,4,90000,Petrol,2,600
Jaguar Land Rover,Jaguar F-Type P300 Coupe,I4 Petrol,1999 cc,300,250,5.5,60000,Petrol,2,400
Acura,NSX Type S,Twin-Turbo V6 Hybrid,"3,493 cc",600,307,2.9,157000,Hybrid,2,666
Acura,TLX PMC Edition,V6,"3,500 cc",290,250,5.7,62000,Petrol,5,362
Acura,MDX Advance,V6,"3,500 cc",290,190,6,60000,Petrol,7,362
Acura,RDX Technology,I4 Turbocharged,"1,500 cc",272,210,6.6,45000,Petrol,5,400
Acura,ILX Premium,I4,"2,400 cc",201,200,6.6,30000,Petrol,5,180
Acura,TLX A-Spec,V6,"3,500 cc",290,250,5.7,50000,Petrol,5,362
Acura,RDX SH-AWD,I4 Turbocharged,"1,500 cc",272,210,6.6,50000,Petrol,5,400
Acura,MDX SH-AWD,V6,"3,500 cc",290,190,6,55000,Petrol,7,362
Acura,RDX Platinum Elite,I4 Turbocharged,"1,500 cc",272,210,6.6,55000,Petrol,5,400
Acura,TLX A-Spec Sedan,V6,"3,500 cc",290,250,5.7,50000,Petrol,5,362
Acura,TLX 2.4L,Inline-4,"2,400 cc",206,210,6,35000,Petrol,5,247
Acura,MDX Hybrid,V6 Hybrid,"3,500 cc",321,190,6,55000,Hybrid,7,335
Acura,RDX Hybrid,Inline-4 Hybrid,"1,500 cc",247,210,6.6,50000,Hybrid,5,400
Acura,ILX Technology Package,Inline-4,"2,400 cc",201,200,6.6,30000,Petrol,5,180
Acura,NSX GT3 (Track Version),Twin-Turbo V6 Hybrid,"3,493 cc",500,300,3,150000,Hybrid,2,600
Acura,RDX Turbo AWD,Inline-4 Turbocharged,"1,500 cc",272,210,6.6,45000,Petrol,5,400
Acura,TLX 3.5L V6,V6,"3,500 cc",290,250,5.7,50000,Petrol,5,362
Acura,ILX Special Edition,Inline-4,"2,400 cc",201,200,6.6,30000,Petrol,5,180
Acura,MDX SH-AWD w/Technology Package,V6,"3,500 cc",290,190,6,55000,Petrol,7,362
Acura,NSX 3.5L Hybrid Coupe,Twin-Turbo V6 Hybrid,"3,493 cc",537,307,2.9,157000,Hybrid,2,666
Acura,MDX Elite,V6,"3,500 cc",290,190,6,58000,Petrol,7,362
Acura,TLX V6 Advance,V6,"3,500 cc",290,250,5.7,46000,Petrol,5,362
Acura,NSX Carbon Edition,Twin-Turbo V6 Hybrid,"3,493 cc",537,307,2.9,157000,Hybrid,2,666
Acura,RDX Turbo SH-AWD,Turbocharged I4,"1,500 cc",272,210,6.6,42000,Petrol,5,400
Acura,ILX Technology Plus,Inline-4,"2,400 cc",201,200,6.6,28000,Petrol,5,180
Acura,TLX Type S PMC Edition,Turbocharged V6,"3,000 cc",355,250,5.1,54000,Petrol,5,480
Acura,MDX Sport Hybrid,V6 Hybrid,"3,500 cc",321,190,6,52000,Hybrid,7,335
Peugeot,208,Inline-4,"1,199 cc",82,180,10.5,22000,Petrol,5,160
Peugeot,2008,Inline-4,"1,199 cc",100,190,9,25000,Petrol,5,205
Peugeot,301,Inline-4,"1,598 cc",115,185,10,23500,Petrol,5,150
Peugeot,308,Inline-4,"1,598 cc",130,200,8,28000,Petrol,5,230
Peugeot,3008,Inline-4,"1,598 cc",180,210,7.5,32000,Petrol,5,400
Peugeot,5008,Inline-4,"1,998 cc",165,200,9.5,35000,Diesel,7,400
Peugeot,508,Inline-4,"1,998 cc",180,235,8,35500,Petrol,5,300
Peugeot,Partner,Diesel I4,"1,560 cc",75,160,12,22500,Diesel,5,200
Peugeot,Expert,Diesel I4,"1,997 cc",120,180,10,30000,Diesel,3,300
Peugeot,Boxer,Diesel I4,"2,200 cc",140,160,11,32000,Diesel,3,340
Peugeot,208 GTI,Inline-4,"1,598 cc",208,230,6.5,28000,Petrol,5,300
Peugeot,308 GTI,Inline-4,"1,598 cc",270,250,6,35000,Petrol,5,330
Peugeot,308 Allure,Inline-4,"1,199 cc",130,205,9.3,25000,Petrol,5,230
Peugeot,2008 Allure,Inline-4,"1,199 cc",130,200,9.7,27000,Petrol,5,230
Peugeot,3008 Allure,Inline-4,"1,499 cc",180,210,8,30000,Petrol,5,250
Peugeot,5008 Allure,Inline-4,"1,499 cc",180,200,8.5,33000,Petrol,7,250
Peugeot,508 Allure,Inline-4,"1,499 cc",180,225,8,35000,Petrol,5,250
Peugeot,3008 GT,Inline-4,"1,598 cc",200,220,7.5,35000,Petrol,5,280
Peugeot,508 GT,Inline-4,"1,598 cc",225,235,6.8,40000,Petrol,5,300
Peugeot,208 Allure Premium,Inline-4,"1,199 cc",130,200,9.5,28000,Petrol,5,230
Peugeot,Partner Tepee,Inline-4,"1,560 cc",100,170,12,25000,Diesel,5,260
Peugeot,Expert L2H1,Inline-4,"1,997 cc",120,160,13,30000,Diesel,3,320
Peugeot,Boxer L2H2,Inline-4,"2,200 cc",130,140,14,35000,Diesel,3,350
Peugeot,2008 Active,Inline-4,"1,199 cc",100,190,11.2,22000,Petrol,5,205
Peugeot,3008 Active,Inline-4,"1,499 cc",130,200,10,30000,Petrol,5,240
Peugeot,5008 Active,Inline-4,"1,499 cc",130,190,10.5,33000,Petrol,7,240
Peugeot,3008 Allure Premium,Inline-4,"1,499 cc",130,200,9.8,32000,Petrol,5,240
Peugeot,5008 Allure Premium,Inline-4,"1,499 cc",130,190,10.2,35000,Petrol,7,240
Peugeot,3008 GT Line,Inline-4,"1,598 cc",180,210,8.5,35000,Petrol,5,250
Peugeot,5008 GT Line,Inline-4,"1,598 cc",180,200,9,38000,Petrol,7,250
Peugeot,2008 GT,Inline-4,"1,199 cc",130,200,9.3,25000,Petrol,5,230
Peugeot,5008 GT,Inline-4,"1,598 cc",180,210,8.2,40000,Petrol,7,250
Peugeot,508 SW (Station Wagon),Inline-4,"1,598 cc",180,220,8.4,35000,Petrol,5,300
Peugeot,508 Saloon,Inline-4,"1,598 cc",180,210,8.6,37000,Petrol,5,300
Peugeot,308 Saloon,Inline-4,"1,199 cc",130,200,9,28000,Petrol,5,230
Peugeot,301 Sedan,Inline-4,"1,199 cc",82,180,12,20000,Petrol,5,115
Peugeot,208 Sedan,Inline-4,"1,199 cc",100,190,11.2,22000,Petrol,5,205
Ford,KA+,1.2L Petrol,"1,200 cc",77.5,165,10.5,13500,Petrol,5,120
Ford,Escape Hybrid,2.5L Inline-4 + Electric,"2,500 cc",200,180,7.7,33000,Hybrid,5,210
Ford,Explorer Hybrid,3.3L V6 + Electric,"3,300 cc",318,180,7.5,52500,Hybrid,7,500
Ford,Mustang,5.0L V8,"5,000 cc",450,250,4.3,55000,Petrol,4,530
Ford,GT,3.5L Twin-Turbo V6,"3,500 cc",660,348,3,500000,Petrol,2,746
Ford,Focus ST,2.3L Turbo Inline-4,"2,300 cc",280,250,5.7,30000,Petrol,5,420
Ford,Fiesta ST,1.5L Turbo Inline-3,"1,500 cc",200,230,6.5,23000,Petrol,5,290
Ford,Bronco Raptor,3.0L Twin-Turbo V6,"3,000 cc",400,220,5.5,70000,Petrol,4,583
Ford,Ranger Raptor,2.7L Twin-Turbo V6,"2,700 cc",392,200,6,45000,Petrol,5,583
Ford,F-150 Raptor,3.5L Twin-Turbo V6,"3,500 cc",450,200,5,70000,Petrol,5,691
Ford,Puma,Turbocharged Inline-3,"1,000 cc",123,191,9.6,28000,Petrol,5,200
Ford,Territory,Turbocharged Inline-4,"1,500 cc",140,180,11,32000,Petrol,5,225
Ford,Everest,Turbocharged Inline-4,"2,000 cc",210,190,10.5,52000,Diesel,7,500
Ford,Flex,Naturally Aspirated V6,"3,500 cc",287,200,7.9,31000,Petrol,7,345
Ford,Transit,EcoBlue Turbo Diesel,"2,000 cc",170,160,12,43455,Diesel,15-Feb,405
Ford,Transit Connect,Inline-4 Gasoline Engine,"2,000 cc",162,175,10.5,29365,Petrol,7-Feb,200
Ford,F-450 Super Duty,Turbocharged V8 Diesel,"6,700 cc",475,165,8.5,61625,Diesel,6-Feb,1424
Ford,F-550 Super Duty,Turbocharged V8 Diesel,"6,700 cc",475,165,8.8,64540,Diesel,6-Feb,1424
Ford,Mustang Shelby GT500,Supercharged V8,"5,200 cc",760,290,3.5,79420,Petrol,2,847
Ford,Mustang Shelby GT350,Naturally Aspirated V8,"5,200 cc",526,280,4,59140,Petrol,2,582
Ford,F-150 Platinum,Turbocharged V6,"3,500 cc",400,180,6.5,64695,Petrol,5,678
Ford,F-150 Limited,Turbocharged V6,"3,500 cc",450,190,6.1,84910,Petrol,5,678
Ford,Explorer Platinum,Turbocharged V6,"3,000 cc",400,230,6,56505,Petrol,7,563
Ford,Expedition King Ranch,Turbocharged V6,"3,500 cc",440,210,6.8,79560,Petrol,8-Jul,691
Ford,Transit Custom,EcoBlue Turbo Diesel,"2,000 cc",130,160,12.5,35000,Diesel,9-Feb,385
Ford,E-Series Cutaway,V8 Gasoline Engine,"7,300 cc",350,140,13,36000,Petrol,2,569
Ford,Transit Chassis Cab,EcoBlue Turbo Diesel,"2,000 cc",170,160,11.5,37000,Diesel,2,405
Ford,Mustang (2024),V8 Gasoline Engine,"5,000 cc",450,250,4.5,60000,Petrol,4,570
Ford,Ranger (2024),I4 Turbo Diesel,"2,000 cc",210,180,8,40000,Diesel,5,500
Ford,Bronco (2024),V6 EcoBoost,"2,700 cc",310,200,6.7,45000,Petrol,5,542
Ford,Explorer (2024),V6 Turbocharged,"3,000 cc",400,230,5.9,55000,Petrol,7,563
Mitsubishi,Mirage,1.2L MIVEC,"1,200 cc",78,170,12,17000,Petrol,5,100
Mitsubishi,Mirage G4,1.2L MIVEC,"1,200 cc",78,170,12,18000,Petrol,5,100
Mitsubishi,Outlander,2.5L 4-Cylinder,"2,500 cc",181,190,9.5,31500,Petrol,7,245
Mitsubishi,Eclipse Cross,1.5L Turbo,"1,500 cc",152,180,9.8,26500,Petrol,5,250
Mitsubishi,ASX (Outlander Sport),2.0L MIVEC,"2,000 cc",148,190,10,24500,Petrol,5,197
Mitsubishi,Pajero,3.2L Diesel Turbo,"3,200 cc",189,180,10.5,42500,Diesel,7,441
Mitsubishi,Pajero Sport,2.4L Diesel Turbo,"2,400 cc",181,180,11,37500,Diesel,7,430
Mitsubishi,Triton (L200),2.4L Diesel Turbo,"2,400 cc",181,177,10.5,30000,Diesel,5,430
Mitsubishi,Lancer Evolution X,2.0L Turbocharged,"2,000 cc",291,240,5,45000,Petrol,5,407
Mitsubishi,Xpander,1.5L MIVEC,"1,500 cc",105,170,13.5,22500,Petrol,7,141
Mitsubishi,Delica D:5,2.2L Diesel Turbo,"2,200 cc",145,175,11,37500,Diesel,7,360
Mitsubishi,Grandis,2.4L MIVEC,"2,400 cc",165,190,11,27500,Petrol,7,217
Mitsubishi,Outlander Black Edition,2.5L 4-Cylinder,"2,500 cc",181,190,9.5,33500,Petrol,7,245
Mitsubishi,Outlander SEL,2.5L 4-Cylinder,"2,500 cc",181,190,9.5,32500,Petrol,7,245
Mitsubishi,Outlander SE,2.5L 4-Cylinder,"2,500 cc",181,190,9.5,30500,Petrol,7,245
Mitsubishi,Eclipse Cross Black Edition,1.5L Turbo,"1,500 cc",152,180,9.8,29000,Petrol,5,250
Mitsubishi,ASX Exceed,2.0L MIVEC,"2,000 cc",148,190,10,27000,Petrol,5,197
Mitsubishi,Triton Athlete,2.4L Diesel Turbo,"2,400 cc",181,177,10.5,31000,Diesel,5,430
Mitsubishi,Pajero Final Edition,3.2L Diesel Turbo,"3,200 cc",189,180,10.5,47500,Diesel,7,441
Mitsubishi,L200 Barbarian X,2.4L Diesel Turbo,"2,400 cc",181,177,10.5,32500,Diesel,5,430
Mitsubishi,Space Star,1.2L MIVEC,"1,200 cc",78,170,12,16000,Petrol,5,100
Mitsubishi,Montero Sport,2.4L Diesel Turbo,"2,400 cc",181,180,11,37500,Diesel,7,430
Mitsubishi,Attrage,1.2L MIVEC,"1,200 cc",78,170,12.5,16000,Petrol,5,100
Mitsubishi,RVR SE,2.0L MIVEC,"2,000 cc",148,190,10.5,24000,Petrol,5,197
Mitsubishi,Lancer GLX,1.6L MIVEC,"1,600 cc",115,190,11.5,18500,Petrol,5,154
Mitsubishi,Pajero GLS,3.2L Diesel Turbo,"3,200 cc",189,180,10.5,47500,Diesel,7,441
Mitsubishi,Xpander Cross,1.5L MIVEC,"1,500 cc",105,170,12,22500,Petrol,7,141
Mitsubishi,Eclipse Cross PHEV,2.4L PHEV,"2,400 cc",188,180,10.5,37500,Hybrid,5,199
Mitsubishi,Outlander ES,2.5L 4-Cylinder,"2,500 cc",181,190,9.5,29000,Petrol,7,245
Mitsubishi,Montero GLX,2.4L Diesel Turbo,"2,400 cc",181,180,11,37500,Diesel,7,430
Mitsubishi,Triton GLX-R,2.4L Diesel Turbo,"2,400 cc",181,177,10.5,31000,Diesel,5,430
Mitsubishi,ASX Dynamic,2.0L MIVEC,"2,000 cc",148,190,10,26500,Petrol,5,197
Mitsubishi,Mirage ES,1.2L MIVEC,"1,200 cc",78,170,12.5,16000,Petrol,5,100
Mitsubishi,Outlander LE,2.5L 4-Cylinder,"2,500 cc",181,190,9.5,32500,Petrol,7,245
Mitsubishi,Space Runner,1.8L MIVEC,"1,800 cc",140,185,10.5,21500,Petrol,5,170
Mitsubishi,Toppo BJ,0.7L 3-Cylinder,660 cc,52,130,15,11000,Petrol,4,60
Mitsubishi,Chariot,2.0L MIVEC,"2,000 cc",140,185,10.5,21500,Petrol,7,170
Mitsubishi,Lancer SE Limited,2.0L MIVEC,"2,000 cc",148,200,10,22500,Petrol,5,197
Mitsubishi,Pajero SWB (Short Wheel Base),3.2L Diesel Turbo,"3,200 cc",189,180,10.5,47500,Diesel,5,441
Mitsubishi,Delica Space Gear,2.4L Petrol,"2,400 cc",145,170,13,32500,Petrol,7,206
Mitsubishi,i (Kei Car),0.7L 3-Cylinder,660 cc,64,130,15.5,13500,Petrol,4,94
Mitsubishi,Dion,2.0L 4-Cylinder,"2,000 cc",135,180,11.5,16500,Petrol,7,181
Mitsubishi,Airtrek,2.4L 4-Cylinder,"2,400 cc",160,190,11,22500,Petrol,5,214
Mitsubishi,eK Space,0.7L 3-Cylinder,660 cc,52,130,15,11000,Petrol,4,60
Mitsubishi,eK X,0.7L 3-Cylinder,660 cc,64,140,13.5,13500,Petrol,4,94
Mitsubishi,Colt CZC Convertible,1.5L Turbocharged,"1,500 cc",147,200,9.5,27500,Petrol,4,210
Mitsubishi,Galant Fortis,2.0L MIVEC,"2,000 cc",154,200,10,20000,Petrol,5,200
Mitsubishi,Endeavor,3.8L V6,"3,800 cc",225,190,9.5,31500,Petrol,5,343
Mitsubishi,Grand Lancer,1.8L MIVEC,"1,800 cc",138,190,11.5,22500,Petrol,5,173
Mitsubishi,Sigma,3.0L V6,"3,000 cc",210,220,8.5,37500,Petrol,5,270
Mitsubishi,Town Box,0.7L 3-Cylinder,660 cc,48,120,16,11000,Petrol,4,60
Mazda,Mazda3,2.0L SkyActiv-G,"2,000 cc",155,200,8.9,24000,Petrol,5,213
Mazda,Mazda3 Hatchback,2.5L SkyActiv-G,"2,500 cc",186,210,8.3,26000,Petrol,5,252
Mazda,Mazda6,2.5L Turbocharged,"2,500 cc",250,240,6.4,31000,Petrol,5,420
Mazda,CX-3,2.0L SkyActiv-G,"2,000 cc",146,180,9.5,23000,Petrol,5,197
Mazda,CX-30,2.5L SkyActiv-G,"2,500 cc",186,204,8.7,25500,Petrol,5,252
Mazda,CX-5,2.5L SkyActiv-G,"2,500 cc",187,200,8.8,29000,Petrol,5,252
Mazda,CX-50,2.5L Turbocharged,"2,500 cc",256,220,6.9,32500,Petrol,5,434
Mazda,CX-8,2.2L Diesel,"2,200 cc",187,200,9.2,39000,Diesel,7,450
Mazda,CX-9,2.5L Turbocharged,"2,500 cc",250,210,7.2,41500,Petrol,7,420
Mazda,CX-90,3.3L Inline-6 Turbo,"3,300 cc",340,240,6.2,55000,Petrol,7,500
Mazda,MX-5 Miata,2.0L SkyActiv-G,"2,000 cc",181,225,6.5,30000,Petrol,2,205
Mazda,MX-5 Miata RF,2.0L SkyActiv-G,"2,000 cc",181,225,6.5,36500,Petrol,2,205
Mazda,CX-4,2.0L SkyActiv-G,"2,000 cc",158,190,9.6,25000,Petrol,5,202
Mazda,CX-7,2.3L Turbocharged,"2,300 cc",244,210,7.9,30500,Petrol,5,350
Mazda,Tribute,3.0L V6,"3,000 cc",200,190,9,27000,Petrol,5,270
Mazda,B-Series Pickup,2.5L Diesel,"2,500 cc",143,170,11.5,22500,Diesel,5,330
Mazda,BT-50,3.2L Turbo Diesel,"3,200 cc",200,180,10,31000,Diesel,5,470
Mazda,RX-7,1.3L Rotary Twin-Turbo,"1,300 cc",276,250,5.5,40000,Petrol,4,314
Mazda,RX-3,1.2L Rotary,"1,200 cc",110,180,8.9,17500,Petrol,4,145
Mazda,323F,1.6L Inline-4,"1,600 cc",105,180,10.5,16000,Petrol,5,145
Mazda,Familia Sedan,1.5L Inline-4,"1,500 cc",100,175,11,14000,Petrol,5,135
Mazda,Premacy,2.0L Inline-4,"2,000 cc",138,190,9.8,21000,Petrol,7,180
Mazda,Demio,1.5L SkyActiv-G,"1,500 cc",108,180,10.2,15500,Petrol,5,142
Mazda,Millenia,2.3L Miller Cycle V6,"2,300 cc",210,215,8.2,27500,Petrol,5,280
Mazda,Eunos Cosmo,2.0L Twin-Rotor Turbo,"2,000 cc",280,240,6,45000,Petrol,4,300
Mazda,Atenza,2.5L SkyActiv-G,"2,500 cc",192,210,8.5,25000,Petrol,5,252
Mazda,Roadpacer AP,1.3L Rotary,"1,300 cc",130,170,11.5,22500,Petrol,5,165
Mazda,626,2.0L Inline-4,"2,000 cc",140,190,9.5,20000,Petrol,5,180
Mazda,929,3.0L V6,"3,000 cc",205,220,8,27500,Petrol,5,270
Mazda,Luce,1.8L Rotary,"1,800 cc",135,180,10.5,17500,Petrol,5,170
Mazda,Capella,1.6L Inline-4,"1,600 cc",110,175,11.2,16000,Petrol,5,145
Mazda,Carol,660cc Inline-3,660 cc,63,140,15.5,10500,Petrol,4,90
Mazda,Autozam AZ-1,657cc Turbocharged Inline-3,657 cc,63,140,11,15000,Petrol,2,85
Mazda,Spiano,660cc Inline-3,660 cc,54,130,16,9000,Petrol,4,80
Mazda,Verisa,1.5L Inline-4,"1,500 cc",113,170,11,16000,Petrol,5,140
Mazda,MX-6,2.5L V6,"2,500 cc",164,210,8.8,21000,Petrol,4,215
Mazda,MPV,3.0L V6,"3,000 cc",200,185,9.5,27500,Petrol,7,265
Mazda,Proceed Marvie,2.6L Inline-4,"2,600 cc",120,160,12,22500,Petrol,5,200
Mazda,Sentia,3.0L V6,"3,000 cc",200,200,9,25000,Petrol,5,265
Mazda,Cronos,2.5L V6,"2,500 cc",160,190,8.5,20000,Petrol,5,210
Mazda,Scrum,660cc Inline-3,660 cc,63,130,15,10000,Petrol,4,85
Mazda,Parkway,1.8L Inline-4,"1,800 cc",115,160,12.5,22500,Petrol,5,155
Mazda,Titan (Truck),3.0L Inline-4,"3,000 cc",130,120,15,27500,Diesel,2,300
Mazda,CX-80,3.0L Inline-6,"3,000 cc",250,210,7.5,47500,Petrol,7,400
Mazda,T1500,1.5L Inline-4,"1,500 cc",75,120,18,16500,Petrol,2,105
Mazda,Revue,1.3L Inline-4,"1,300 cc",75,130,15.5,11000,Petrol,5,110
Mazda,Proteg,1.8L Inline-4,"1,800 cc",125,185,9,16500,Petrol,5,170
Mazda,Xedos 6,2.5L V6,"2,500 cc",170,215,8.5,27500,Petrol,5,230
Mazda,Xedos 9,3.0L V6,"3,000 cc",200,220,7.5,32500,Petrol,5,260
Mazda,121,1.3L Inline-4,"1,300 cc",70,155,13,13500,Petrol,5,110
Mazda,1200,1.2L Inline-4,"1,200 cc",60,130,16,11000,Petrol,4,90
Mazda,1500,1.5L Inline-4,"1,500 cc",85,145,14,13500,Petrol,5,120
Mazda,RX-2,1.3L Inline-2 (Wankel),"1,308 cc",130,185,8.5,22500,Petrol,4,220
Mazda,RX-5,1.6L Inline-2 (Wankel),"1,588 cc",135,190,8,27500,Petrol,4,210
Mazda,RX-7 Spirit R,1.3L Inline-2 (Wankel),"1,308 cc",280,250,5.5,37500,Petrol,2,290
Mazda,Cosmo Sport (110S),1.0L Inline-2 (Wankel),"1,000 cc",110,170,10,32500,Petrol,2,150
Mazda,Eunos 500,2.0L Inline-4,"1,998 cc",135,200,9,26500,Petrol,5,170
Mazda,Eunos Roadster,1.6L Inline-4,"1,590 cc",116,180,9.5,16500,Petrol,2,140
Mazda,Familia Astina,1.8L Inline-4,"1,800 cc",135,200,8.5,21000,Petrol,5,170
Mazda,Savanna RX-7,1.3L Inline-2 (Wankel),"1,308 cc",165,230,7.5,30000,Petrol,2,230
Mazda,Capella Cargo,2.0L Inline-4,"2,000 cc",115,180,12,20000,Petrol,4,160
Mazda,818,1.6L Inline-4,"1,600 cc",100,170,12.5,16000,Petrol,5,130
Mazda,Sentia Hardtop Coupe,2.5L V6,"2,500 cc",160,210,8,32500,Petrol,4,220
Mazda,Biante,2.0L Inline-4,"2,000 cc",150,185,10,24000,Petrol,7,200
Mazda,Premacy Hydrogen RE Hybrid,1.3L Wankel + Electric,"1,308 cc",200,180,9.5,42500,Hybrid,5,260
Mazda,Carol P360,0.36L Inline-2,360 cc,26,85,35,9000,Petrol,4,45
Mazda,T2000,2.0L Inline-4,"2,000 cc",110,170,12.5,19000,Petrol,2,160
Mazda,AZ-Offroad,1.3L Inline-4,"1,298 cc",85,145,12,16500,Petrol,5,130
Mazda,Scrum Wagon,0.66L Inline-3,657 cc,64,120,15.5,11000,Petrol,4,95
Mazda,Persona,1.5L Inline-4,"1,497 cc",92,160,13.5,14500,Petrol,5,130
Mazda,Astina,1.8L Inline-4,"1,800 cc",140,190,8.5,22000,Petrol,5,160
Mazda,Etude,1.6L Inline-4,"1,598 cc",105,170,10,15000,Petrol,5,135
Mazda,Porter,1.5L Inline-4,"1,497 cc",95,130,14,13500,Petrol,2,130
Mazda,MX-3,1.6L Inline-4,"1,598 cc",130,190,8.5,20000,Petrol,4,140
Mazda,MX-5 Superlight Concept,1.8L Inline-4,"1,798 cc",143,200,7.5,32500,Petrol,2,160
Mazda,Premacy Hydrogen RE,1.3L Wankel + Electric,"1,308 cc",200,180,9.5,42500,Hybrid,5,260
Mazda,Bongo Truck,2.0L Inline-4,"1,998 cc",120,130,15,16500,Petrol,2,150
Mazda,Rotary Pickup,1.3L Wankel Rotary Engine,"1,308 cc",130,150,14.5,20000,Petrol,2,160
Mazda,Luce Rotary Coupe,1.3L Wankel Rotary Engine,"1,308 cc",135,175,12,27500,Petrol,4,180
Mazda,Millenia S,2.5L V6,"2,500 cc",200,220,8,32500,Petrol,5,250
Mazda,787B (Race Car),2.6L Wankel Rotary Engine,"2,620 cc",700,320,3.5,6000000,Petrol,1,500
Toyota,Crown Signia,2.5L Hybrid I4,2487 cc,240,180,7.6,45795,Hybrid,5,239
